sequence_index,state,stroke_id,waypoint_index,pen_down,x_m,y_m,z_m
0,APPROACH_STROKE_0,0,0,0,0.36957880988331376,0.0004788783903126438,0.4123720861479911
1,APPROACH_STROKE_0,0,1,0,0.3702720960050093,0.0009550456948296531,0.4111447405777498
2,APPROACH_STROKE_0,0,2,0,0.37096538212670493,0.0014312129993466621,0.40991739500750846
3,APPROACH_STROKE_0,0,3,0,0.3716586682484005,0.0019073803038636716,0.40869004943726717
4,APPROACH_STROKE_0,0,4,0,0.37235195437009605,0.002383547608380681,0.4074627038670259
5,APPROACH_STROKE_0,0,5,0,0.3730452404917916,0.00285971491289769,0.4062353582967846
6,APPROACH_STROKE_0,0,6,0,0.3737385266134872,0.0033358822174146996,0.40500801272654324
7,APPROACH_STROKE_0,0,7,0,0.3744318127351828,0.003812049521931709,0.40378066715630195
8,APPROACH_STROKE_0,0,8,0,0.37512509885687834,0.004288216826448718,0.40255332158606066
9,APPROACH_STROKE_0,0,9,0,0.3758183849785739,0.004764384130965727,0.4013259760158194
10,APPROACH_STROKE_0,0,10,0,0.3765116711002695,0.005240551435482735,0.40009863044557803
11,APPROACH_STROKE_0,0,11,0,0.37720495722196506,0.005716718739999745,0.39887128487533674
12,APPROACH_STROKE_0,0,12,0,0.3778982433436606,0.006192886044516754,0.39764393930509545
13,APPROACH_STROKE_0,0,13,0,0.3785915294653562,0.006669053349033764,0.39641659373485416
14,APPROACH_STROKE_0,0,14,0,0.3792848155870518,0.007145220653550772,0.39518924816461287
15,APPROACH_STROKE_0,0,15,0,0.37997810170874735,0.0076213879580677825,0.3939619025943715
16,APPROACH_STROKE_0,0,16,0,0.3806713878304429,0.008097555262584792,0.39273455702413024
17,APPROACH_STROKE_0,0,17,0,0.38136467395213847,0.008573722567101802,0.39150721145388895
18,APPROACH_STROKE_0,0,18,0,0.3820579600738341,0.00904988987161881,0.39027986588364766
19,APPROACH_STROKE_0,0,19,0,0.38275124619552964,0.00952605717613582,0.3890525203134063
20,APPROACH_STROKE_0,0,20,0,0.3834445323172252,0.010002224480652829,0.387825174743165
21,APPROACH_STROKE_0,0,21,0,0.38413781843892075,0.010478391785169837,0.38659782917292373
22,APPROACH_STROKE_0,0,22,0,0.3848311045606163,0.010954559089686847,0.38537048360268245
23,APPROACH_STROKE_0,0,23,0,0.3855243906823119,0.011430726394203856,0.38414313803244116
24,APPROACH_STROKE_0,0,24,0,0.3862176768040075,0.011906893698720866,0.3829157924621998
25,APPROACH_STROKE_0,0,25,0,0.38691096292570304,0.012383061003237874,0.3816884468919585
26,APPROACH_STROKE_0,0,26,0,0.38760424904739865,0.012859228307754884,0.38046110132171723
27,APPROACH_STROKE_0,0,27,0,0.3882975351690942,0.013335395612271895,0.3792337557514759
28,APPROACH_STROKE_0,0,28,0,0.38899082129078977,0.013811562916788903,0.3780064101812346
29,APPROACH_STROKE_0,0,29,0,0.3896841074124853,0.014287730221305911,0.3767790646109933
30,APPROACH_STROKE_0,0,30,0,0.3903773935341809,0.014763897525822921,0.375551719040752
31,APPROACH_STROKE_0,0,31,0,0.3910706796558765,0.015240064830339932,0.37432437347051073
32,APPROACH_STROKE_0,0,32,0,0.39176396577757205,0.015716232134856938,0.3730970279002694
33,APPROACH_STROKE_0,0,33,0,0.3924572518992676,0.016192399439373947,0.3718696823300281
34,APPROACH_STROKE_0,0,34,0,0.39315053802096317,0.016668566743890955,0.3706423367597868
35,APPROACH_STROKE_0,0,35,0,0.3938438241426588,0.017144734048407967,0.3694149911895455
36,APPROACH_STROKE_0,0,36,0,0.39453711026435434,0.017620901352924975,0.36818764561930417
37,APPROACH_STROKE_0,0,37,0,0.3952303963860499,0.018097068657441984,0.3669603000490629
38,APPROACH_STROKE_0,0,38,0,0.39592368250774546,0.018573235961958992,0.3657329544788216
39,APPROACH_STROKE_0,0,39,0,0.39661696862944107,0.019049403266476004,0.3645056089085803
40,APPROACH_STROKE_0,0,40,0,0.3973102547511366,0.01952557057099301,0.363278263338339
41,APPROACH_STROKE_0,0,41,0,0.3980035408728322,0.02000173787551002,0.36205091776809767
42,APPROACH_STROKE_0,0,42,0,0.39869682699452774,0.020477905180027033,0.3608235721978564
43,APPROACH_STROKE_0,0,43,0,0.3993901131162233,0.020954072484544038,0.3595962266276151
44,APPROACH_STROKE_0,0,44,0,0.4000833992379189,0.02143023978906105,0.35836888105737374
45,APPROACH_STROKE_0,0,45,0,0.40077668535961447,0.021906407093578058,0.35714153548713246
46,APPROACH_STROKE_0,0,46,0,0.40146997148131003,0.02238257439809507,0.35591418991689117
47,APPROACH_STROKE_0,0,47,0,0.40216325760300564,0.022858741702612075,0.3546868443466499
48,APPROACH_STROKE_0,0,48,0,0.4028565437247012,0.023334909007129086,0.3534594987764086
49,APPROACH_STROKE_0,0,49,0,0.40354982984639676,0.023811076311646095,0.3522321532061673
50,APPROACH_STROKE_0,0,50,0,0.4042431159680923,0.024287243616163103,0.35100480763592595
51,APPROACH_STROKE_0,0,51,0,0.4049364020897879,0.02476341092068011,0.34977746206568466
52,APPROACH_STROKE_0,0,52,0,0.4056296882114835,0.025239578225197123,0.3485501164954434
53,APPROACH_STROKE_0,0,53,0,0.40632297433317904,0.025715745529714132,0.34732277092520203
54,APPROACH_STROKE_0,0,54,0,0.4070162604548746,0.02619191283423114,0.34609542535496074
55,APPROACH_STROKE_0,0,55,0,0.40770954657657016,0.026668080138748152,0.34486807978471945
56,APPROACH_STROKE_0,0,56,0,0.40840283269826577,0.027144247443265157,0.34364073421447816
57,APPROACH_STROKE_0,0,57,0,0.40909611881996133,0.02762041474778217,0.34241338864423687
58,APPROACH_STROKE_0,0,58,0,0.4097894049416569,0.028096582052299177,0.3411860430739956
59,APPROACH_STROKE_0,0,59,0,0.41048269106335245,0.028572749356816186,0.33995869750375424
60,APPROACH_STROKE_0,0,60,0,0.41117597718504806,0.029048916661333198,0.33873135193351295
61,APPROACH_STROKE_0,0,61,0,0.4118692633067436,0.029525083965850206,0.33750400636327166
62,APPROACH_STROKE_0,0,62,0,0.4125625494284392,0.030001251270367214,0.3362766607930303
63,APPROACH_STROKE_0,0,63,0,0.41325583555013473,0.030477418574884226,0.335049315222789
64,APPROACH_STROKE_0,0,64,0,0.41394912167183034,0.030953585879401235,0.33382196965254773
65,APPROACH_STROKE_0,0,65,0,0.4146424077935259,0.031429753183918246,0.33259462408230644
66,APPROACH_STROKE_0,0,66,0,0.41533569391522146,0.031905920488435255,0.33136727851206516
67,APPROACH_STROKE_0,0,67,0,0.416028980036917,0.03238208779295226,0.3301399329418238
68,APPROACH_STROKE_0,0,68,0,0.41672226615861263,0.03285825509746927,0.3289125873715825
69,APPROACH_STROKE_0,0,69,0,0.4174155522803082,0.03333442240198628,0.32768524180134123
70,APPROACH_STROKE_0,0,70,0,0.41810883840200375,0.03381058970650329,0.32645789623109994
71,APPROACH_STROKE_0,0,71,0,0.4188021245236993,0.034286757011020304,0.3252305506608586
72,APPROACH_STROKE_0,0,72,0,0.41949541064539486,0.03476292431553731,0.3240032050906173
73,APPROACH_STROKE_0,0,73,0,0.4201886967670905,0.03523909162005432,0.322775859520376
74,APPROACH_STROKE_0,0,74,0,0.42088198288878603,0.03571525892457133,0.32154851395013473
75,APPROACH_STROKE_0,0,75,0,0.4215752690104816,0.03619142622908834,0.32032116837989344
76,APPROACH_STROKE_0,0,76,0,0.42226855513217715,0.036667593533605346,0.3190938228096521
77,APPROACH_STROKE_0,0,77,0,0.42296184125387276,0.037143760838122354,0.3178664772394108
78,APPROACH_STROKE_0,0,78,0,0.4236551273755683,0.03761992814263937,0.3166391316691695
79,APPROACH_STROKE_0,0,79,0,0.4243484134972639,0.03809609544715638,0.31541178609892817
80,APPROACH_STROKE_0,0,80,0,0.42504169961895943,0.038572262751673386,0.3141844405286869
81,APPROACH_STROKE_0,0,81,0,0.42573498574065505,0.03904843005619039,0.3129570949584456
82,APPROACH_STROKE_0,0,82,0,0.4264282718623506,0.0395245973607074,0.3117297493882043
83,APPROACH_STROKE_0,0,83,0,0.42712155798404616,0.04000076466522441,0.310502403817963
84,APPROACH_STROKE_0,0,84,0,0.4278148441057417,0.04047693196974142,0.3092750582477217
85,APPROACH_STROKE_0,0,85,0,0.42850813022743733,0.040953099274258435,0.3080477126774804
86,APPROACH_STROKE_0,0,86,0,0.4292014163491329,0.041429266578775444,0.3068203671072391
87,APPROACH_STROKE_0,0,87,0,0.42989470247082845,0.041905433883292445,0.3055930215369978
88,APPROACH_STROKE_0,0,88,0,0.430587988592524,0.04238160118780945,0.30436567596675645
89,APPROACH_STROKE_0,0,89,0,0.4312812747142196,0.04285776849232647,0.30313833039651517
90,APPROACH_STROKE_0,0,90,0,0.4319745608359152,0.04333393579684348,0.3019109848262739
91,APPROACH_STROKE_0,0,91,0,0.43266784695761074,0.043810103101360486,0.3006836392560326
92,APPROACH_STROKE_0,0,92,0,0.4333611330793063,0.044286270405877494,0.2994562936857913
93,APPROACH_STROKE_0,0,93,0,0.43405441920100185,0.04476243771039451,0.29822894811554995
94,APPROACH_STROKE_0,0,94,0,0.43474770532269746,0.04523860501491151,0.29700160254530866
95,APPROACH_STROKE_0,0,95,0,0.435440991444393,0.04571477231942852,0.2957742569750674
96,APPROACH_STROKE_0,0,96,0,0.4361342775660886,0.046190939623945534,0.29454691140482603
97,APPROACH_STROKE_0,0,97,0,0.4368275636877842,0.04666710692846254,0.29331956583458474
98,APPROACH_STROKE_0,0,98,0,0.43752084980947975,0.04714327423297955,0.29209222026434345
99,APPROACH_STROKE_0,0,99,0,0.4382141359311753,0.04761944153749656,0.29086487469410216
100,APPROACH_STROKE_0,0,100,0,0.43890742205287087,0.04809560884201357,0.28963752912386087
101,APPROACH_STROKE_0,0,101,0,0.4396007081745664,0.048571776146530576,0.2884101835536196
102,APPROACH_STROKE_0,0,102,0,0.44029399429626204,0.049047943451047585,0.2871828379833783
103,APPROACH_STROKE_0,0,103,0,0.4409872804179576,0.04952411075556459,0.28595549241313695
104,APPROACH_STROKE_0,0,104,0,0.44168056653965315,0.05000027806008161,0.2847281468428956
105,APPROACH_STROKE_0,0,105,0,0.4423738526613487,0.05047644536459862,0.2835008012726543
106,APPROACH_STROKE_0,0,106,0,0.44306713878304427,0.050952612669115625,0.282273455702413
107,APPROACH_STROKE_0,0,107,0,0.4437604249047399,0.051428779973632634,0.28104611013217173
108,APPROACH_STROKE_0,0,108,0,0.44445371102643544,0.05190494727814964,0.27981876456193044
109,APPROACH_STROKE_0,0,109,0,0.445146997148131,0.05238111458266665,0.27859141899168915
110,APPROACH_STROKE_0,0,110,0,0.4458402832698266,0.05285728188718366,0.27736407342144787
111,APPROACH_STROKE_0,0,111,0,0.44653356939152217,0.053333449191700674,0.2761367278512065
112,APPROACH_STROKE_0,0,112,0,0.4472268555132177,0.05380961649621768,0.27490938228096523
113,APPROACH_STROKE_0,0,113,0,0.4479201416349133,0.054285783800734684,0.2736820367107239
114,APPROACH_STROKE_0,0,114,0,0.44861342775660884,0.05476195110525169,0.2724546911404826
115,APPROACH_STROKE_0,0,115,0,0.44930671387830445,0.05523811840976871,0.2712273455702413
116,APPROACH_STROKE_0,0,116,0,0.45,0.055714285714285716,0.27
117,LOWER_PEN_STROKE_0,0,0,0,0.45,0.055714285714285716,0.2685
118,LOWER_PEN_STROKE_0,0,1,0,0.45,0.055714285714285716,0.267
119,LOWER_PEN_STROKE_0,0,2,0,0.45,0.055714285714285716,0.2655
120,LOWER_PEN_STROKE_0,0,3,0,0.45,0.055714285714285716,0.264
121,LOWER_PEN_STROKE_0,0,4,0,0.45,0.055714285714285716,0.2625
122,LOWER_PEN_STROKE_0,0,5,0,0.45,0.055714285714285716,0.261
123,LOWER_PEN_STROKE_0,0,6,0,0.45,0.055714285714285716,0.2595
124,LOWER_PEN_STROKE_0,0,7,0,0.45,0.055714285714285716,0.258
125,LOWER_PEN_STROKE_0,0,8,0,0.45,0.055714285714285716,0.2565
126,LOWER_PEN_STROKE_0,0,9,0,0.45,0.055714285714285716,0.255
127,LOWER_PEN_STROKE_0,0,10,0,0.45,0.055714285714285716,0.2535
128,LOWER_PEN_STROKE_0,0,11,0,0.45,0.055714285714285716,0.252
129,LOWER_PEN_STROKE_0,0,12,0,0.45,0.055714285714285716,0.2505
130,LOWER_PEN_STROKE_0,0,13,0,0.45,0.055714285714285716,0.249
131,LOWER_PEN_STROKE_0,0,14,0,0.45,0.055714285714285716,0.24750000000000003
132,LOWER_PEN_STROKE_0,0,15,0,0.45,0.055714285714285716,0.24600000000000002
133,LOWER_PEN_STROKE_0,0,16,0,0.45,0.055714285714285716,0.24450000000000002
134,LOWER_PEN_STROKE_0,0,17,0,0.45,0.055714285714285716,0.24300000000000002
135,LOWER_PEN_STROKE_0,0,18,0,0.45,0.055714285714285716,0.24150000000000002
136,LOWER_PEN_STROKE_0,0,19,0,0.45,0.055714285714285716,0.24000000000000002
137,LOWER_PEN_STROKE_0,0,20,0,0.45,0.055714285714285716,0.23850000000000002
138,LOWER_PEN_STROKE_0,0,21,0,0.45,0.055714285714285716,0.23700000000000002
139,LOWER_PEN_STROKE_0,0,22,0,0.45,0.055714285714285716,0.23550000000000001
140,LOWER_PEN_STROKE_0,0,23,0,0.45,0.055714285714285716,0.234
141,LOWER_PEN_STROKE_0,0,24,0,0.45,0.055714285714285716,0.2325
142,LOWER_PEN_STROKE_0,0,25,0,0.45,0.055714285714285716,0.231
143,LOWER_PEN_STROKE_0,0,26,0,0.45,0.055714285714285716,0.2295
144,LOWER_PEN_STROKE_0,0,27,0,0.45,0.055714285714285716,0.228
145,LOWER_PEN_STROKE_0,0,28,0,0.45,0.055714285714285716,0.2265
146,LOWER_PEN_STROKE_0,0,29,0,0.45,0.055714285714285716,0.225
147,LOWER_PEN_STROKE_0,0,30,0,0.45,0.055714285714285716,0.2235
148,LOWER_PEN_STROKE_0,0,31,0,0.45,0.055714285714285716,0.22200000000000003
149,LOWER_PEN_STROKE_0,0,32,0,0.45,0.055714285714285716,0.22050000000000003
150,LOWER_PEN_STROKE_0,0,33,0,0.45,0.055714285714285716,0.21900000000000003
151,LOWER_PEN_STROKE_0,0,34,0,0.45,0.055714285714285716,0.21750000000000003
152,LOWER_PEN_STROKE_0,0,35,0,0.45,0.055714285714285716,0.21600000000000003
153,LOWER_PEN_STROKE_0,0,36,0,0.45,0.055714285714285716,0.21450000000000002
154,LOWER_PEN_STROKE_0,0,37,0,0.45,0.055714285714285716,0.21300000000000002
155,LOWER_PEN_STROKE_0,0,38,0,0.45,0.055714285714285716,0.21150000000000002
156,LOWER_PEN_STROKE_0,0,39,0,0.45,0.055714285714285716,0.21000000000000002
157,LOWER_PEN_STROKE_0,0,40,0,0.45,0.055714285714285716,0.20850000000000002
158,LOWER_PEN_STROKE_0,0,41,0,0.45,0.055714285714285716,0.20700000000000002
159,LOWER_PEN_STROKE_0,0,42,0,0.45,0.055714285714285716,0.20550000000000002
160,LOWER_PEN_STROKE_0,0,43,0,0.45,0.055714285714285716,0.20400000000000001
161,LOWER_PEN_STROKE_0,0,44,0,0.45,0.055714285714285716,0.2025
162,LOWER_PEN_STROKE_0,0,45,0,0.45,0.055714285714285716,0.201
163,DRAW_STROKE_0,0,0,1,0.45,0.055714285714285716,0.201
164,DRAW_STROKE_0,0,1,1,0.44873015873015876,0.05619047619047619,0.201
165,DRAW_STROKE_0,0,2,1,0.44746031746031745,0.05666666666666667,0.201
166,DRAW_STROKE_0,0,3,1,0.4461904761904762,0.05714285714285715,0.201
167,DRAW_STROKE_0,0,4,1,0.44576719576719576,0.057301587301587305,0.201
168,DRAW_STROKE_0,0,5,1,0.4453439153439154,0.05746031746031747,0.201
169,DRAW_STROKE_0,0,6,1,0.44492063492063494,0.057619047619047625,0.201
170,DRAW_STROKE_0,0,7,1,0.4444973544973545,0.05777777777777778,0.201
171,DRAW_STROKE_0,0,8,1,0.44407407407407407,0.05793650793650794,0.201
172,DRAW_STROKE_0,0,9,1,0.44365079365079363,0.058095238095238096,0.201
173,DRAW_STROKE_0,0,10,1,0.4432275132275132,0.05825396825396825,0.201
174,DRAW_STROKE_0,0,11,1,0.4428042328042328,0.058412698412698416,0.201
175,DRAW_STROKE_0,0,12,1,0.4423809523809524,0.05857142857142857,0.201
176,DRAW_STROKE_0,0,13,1,0.44195767195767194,0.05873015873015873,0.201
177,DRAW_STROKE_0,0,14,1,0.44153439153439156,0.05888888888888889,0.201
178,DRAW_STROKE_0,0,15,1,0.4411111111111111,0.05904761904761905,0.201
179,DRAW_STROKE_0,0,16,1,0.4406878306878307,0.05920634920634921,0.201
180,DRAW_STROKE_0,0,17,1,0.44026455026455025,0.05936507936507937,0.201
181,DRAW_STROKE_0,0,18,1,0.4398412698412698,0.05952380952380953,0.201
182,DRAW_STROKE_0,0,19,1,0.4394179894179894,0.059682539682539684,0.201
183,DRAW_STROKE_0,0,20,1,0.438994708994709,0.05984126984126985,0.201
184,DRAW_STROKE_0,0,21,1,0.43857142857142856,0.060000000000000005,0.201
185,DRAW_STROKE_0,0,22,1,0.4380952380952381,0.05988095238095239,0.201
186,DRAW_STROKE_0,0,23,1,0.4376190476190476,0.059761904761904766,0.201
187,DRAW_STROKE_0,0,24,1,0.4371428571428571,0.05964285714285715,0.201
188,DRAW_STROKE_0,0,25,1,0.43666666666666665,0.05952380952380953,0.201
189,DRAW_STROKE_0,0,26,1,0.4361904761904762,0.05940476190476191,0.201
190,DRAW_STROKE_0,0,27,1,0.4357142857142857,0.05928571428571429,0.201
191,DRAW_STROKE_0,0,28,1,0.43523809523809526,0.059166666666666666,0.201
192,DRAW_STROKE_0,0,29,1,0.43476190476190474,0.05904761904761905,0.201
193,DRAW_STROKE_0,0,30,1,0.4342857142857143,0.05892857142857143,0.201
194,DRAW_STROKE_0,0,31,1,0.4338095238095238,0.05880952380952381,0.201
195,DRAW_STROKE_0,0,32,1,0.4333333333333333,0.05869047619047619,0.201
196,DRAW_STROKE_0,0,33,1,0.43285714285714283,0.05857142857142857,0.201
197,DRAW_STROKE_0,0,34,1,0.43238095238095237,0.05845238095238096,0.201
198,DRAW_STROKE_0,0,35,1,0.4319047619047619,0.058333333333333334,0.201
199,DRAW_STROKE_0,0,36,1,0.43142857142857144,0.05821428571428572,0.201
200,DRAW_STROKE_0,0,37,1,0.430952380952381,0.058095238095238096,0.201
201,DRAW_STROKE_0,0,38,1,0.43047619047619046,0.05797619047619048,0.201
202,DRAW_STROKE_0,0,39,1,0.43,0.05785714285714286,0.201
203,DRAW_STROKE_0,0,40,1,0.42952380952380953,0.057738095238095234,0.201
204,DRAW_STROKE_0,0,41,1,0.42904761904761907,0.05761904761904762,0.201
205,DRAW_STROKE_0,0,42,1,0.4285714285714286,0.057499999999999996,0.201
206,DRAW_STROKE_0,0,43,1,0.42809523809523814,0.05738095238095238,0.201
207,DRAW_STROKE_0,0,44,1,0.4276190476190476,0.05726190476190476,0.201
208,DRAW_STROKE_0,0,45,1,0.42714285714285716,0.05714285714285714,0.201
209,DRAW_STROKE_0,0,46,1,0.42680272108843537,0.05680272108843537,0.201
210,DRAW_STROKE_0,0,47,1,0.42646258503401363,0.05646258503401361,0.201
211,DRAW_STROKE_0,0,48,1,0.42612244897959184,0.05612244897959184,0.201
212,DRAW_STROKE_0,0,49,1,0.42578231292517005,0.055782312925170066,0.201
213,DRAW_STROKE_0,0,50,1,0.4254421768707483,0.055442176870748296,0.201
214,DRAW_STROKE_0,0,51,1,0.4251020408163265,0.055102040816326525,0.201
215,DRAW_STROKE_0,0,52,1,0.42476190476190473,0.054761904761904755,0.201
216,DRAW_STROKE_0,0,53,1,0.424421768707483,0.05442176870748299,0.201
217,DRAW_STROKE_0,0,54,1,0.4240816326530612,0.05408163265306122,0.201
218,DRAW_STROKE_0,0,55,1,0.42374149659863947,0.05374149659863945,0.201
219,DRAW_STROKE_0,0,56,1,0.4234013605442177,0.05340136054421769,0.201
220,DRAW_STROKE_0,0,57,1,0.42306122448979594,0.053061224489795916,0.201
221,DRAW_STROKE_0,0,58,1,0.42272108843537415,0.052721088435374146,0.201
222,DRAW_STROKE_0,0,59,1,0.4223809523809524,0.05238095238095238,0.201
223,DRAW_STROKE_0,0,60,1,0.4220408163265306,0.05204081632653061,0.201
224,DRAW_STROKE_0,0,61,1,0.42170068027210883,0.05170068027210884,0.201
225,DRAW_STROKE_0,0,62,1,0.4213605442176871,0.05136054421768707,0.201
226,DRAW_STROKE_0,0,63,1,0.4210204081632653,0.0510204081632653,0.201
227,DRAW_STROKE_0,0,64,1,0.4206802721088435,0.05068027210884353,0.201
228,DRAW_STROKE_0,0,65,1,0.4203401360544218,0.050340136054421766,0.201
229,DRAW_STROKE_0,0,66,1,0.42,0.049999999999999996,0.201
230,DRAW_STROKE_0,0,67,1,0.4195555555555555,0.05022222222222222,0.201
231,DRAW_STROKE_0,0,68,1,0.4191111111111111,0.050444444444444445,0.201
232,DRAW_STROKE_0,0,69,1,0.41866666666666663,0.050666666666666665,0.201
233,DRAW_STROKE_0,0,70,1,0.4182222222222222,0.050888888888888886,0.201
234,DRAW_STROKE_0,0,71,1,0.41777777777777775,0.05111111111111111,0.201
235,DRAW_STROKE_0,0,72,1,0.41733333333333333,0.05133333333333333,0.201
236,DRAW_STROKE_0,0,73,1,0.4168888888888889,0.05155555555555555,0.201
237,DRAW_STROKE_0,0,74,1,0.41644444444444445,0.05177777777777778,0.201
238,DRAW_STROKE_0,0,75,1,0.41600000000000004,0.052,0.201
239,DRAW_STROKE_0,0,76,1,0.41555555555555557,0.05222222222222222,0.201
240,DRAW_STROKE_0,0,77,1,0.41511111111111115,0.052444444444444446,0.201
241,DRAW_STROKE_0,0,78,1,0.4146666666666667,0.05266666666666667,0.201
242,DRAW_STROKE_0,0,79,1,0.4142222222222222,0.05288888888888889,0.201
243,DRAW_STROKE_0,0,80,1,0.4137777777777778,0.05311111111111111,0.201
244,DRAW_STROKE_0,0,81,1,0.41333333333333333,0.05333333333333333,0.201
245,DRAW_STROKE_0,0,82,1,0.4128888888888889,0.05355555555555555,0.201
246,DRAW_STROKE_0,0,83,1,0.41244444444444445,0.05377777777777778,0.201
247,DRAW_STROKE_0,0,84,1,0.41200000000000003,0.054,0.201
248,DRAW_STROKE_0,0,85,1,0.41067857142857145,0.054392857142857146,0.201
249,DRAW_STROKE_0,0,86,1,0.40935714285714286,0.054785714285714285,0.201
250,DRAW_STROKE_0,0,87,1,0.4089166666666667,0.05491666666666666,0.201
251,DRAW_STROKE_0,0,88,1,0.4084761904761905,0.05504761904761905,0.201
252,DRAW_STROKE_0,0,89,1,0.40803571428571433,0.055178571428571424,0.201
253,DRAW_STROKE_0,0,90,1,0.4075952380952381,0.05530952380952381,0.201
254,DRAW_STROKE_0,0,91,1,0.40715476190476196,0.055440476190476186,0.201
255,DRAW_STROKE_0,0,92,1,0.40671428571428575,0.05557142857142857,0.201
256,DRAW_STROKE_0,0,93,1,0.40627380952380954,0.055702380952380955,0.201
257,DRAW_STROKE_0,0,94,1,0.4058333333333334,0.05583333333333333,0.201
258,DRAW_STROKE_0,0,95,1,0.40539285714285717,0.055964285714285716,0.201
259,DRAW_STROKE_0,0,96,1,0.404952380952381,0.056095238095238094,0.201
260,DRAW_STROKE_0,0,97,1,0.4045119047619048,0.05622619047619048,0.201
261,DRAW_STROKE_0,0,98,1,0.40407142857142864,0.056357142857142856,0.201
262,DRAW_STROKE_0,0,99,1,0.4036309523809524,0.05648809523809523,0.201
263,DRAW_STROKE_0,0,100,1,0.40319047619047627,0.05661904761904762,0.201
264,DRAW_STROKE_0,0,101,1,0.40275000000000005,0.056749999999999995,0.201
265,DRAW_STROKE_0,0,102,1,0.40230952380952384,0.05688095238095238,0.201
266,DRAW_STROKE_0,0,103,1,0.4018690476190477,0.05701190476190476,0.201
267,DRAW_STROKE_0,0,104,1,0.40142857142857147,0.05714285714285714,0.201
268,DRAW_STROKE_0,0,105,1,0.40107142857142863,0.056845238095238095,0.201
269,DRAW_STROKE_0,0,106,1,0.40071428571428575,0.05654761904761904,0.201
270,DRAW_STROKE_0,0,107,1,0.4003571428571429,0.056249999999999994,0.201
271,DRAW_STROKE_0,0,108,1,0.4,0.05595238095238095,0.201
272,DRAW_STROKE_0,0,109,1,0.3996428571428572,0.0556547619047619,0.201
273,DRAW_STROKE_0,0,110,1,0.3992857142857143,0.055357142857142855,0.201
274,DRAW_STROKE_0,0,111,1,0.39892857142857147,0.05505952380952381,0.201
275,DRAW_STROKE_0,0,112,1,0.3985714285714286,0.05476190476190476,0.201
276,DRAW_STROKE_0,0,113,1,0.39821428571428574,0.054464285714285715,0.201
277,DRAW_STROKE_0,0,114,1,0.39785714285714285,0.05416666666666667,0.201
278,DRAW_STROKE_0,0,115,1,0.3975,0.053869047619047615,0.201
279,DRAW_STROKE_0,0,116,1,0.39714285714285713,0.05357142857142857,0.201
280,DRAW_STROKE_0,0,117,1,0.3967857142857143,0.05327380952380952,0.201
281,DRAW_STROKE_0,0,118,1,0.3964285714285714,0.05297619047619047,0.201
282,DRAW_STROKE_0,0,119,1,0.3960714285714286,0.05267857142857142,0.201
283,DRAW_STROKE_0,0,120,1,0.39571428571428574,0.052380952380952375,0.201
284,DRAW_STROKE_0,0,121,1,0.39535714285714285,0.05208333333333333,0.201
285,DRAW_STROKE_0,0,122,1,0.395,0.05178571428571428,0.201
286,DRAW_STROKE_0,0,123,1,0.39464285714285713,0.051488095238095236,0.201
287,DRAW_STROKE_0,0,124,1,0.3942857142857143,0.05119047619047619,0.201
288,DRAW_STROKE_0,0,125,1,0.3939285714285714,0.05089285714285714,0.201
289,DRAW_STROKE_0,0,126,1,0.39357142857142857,0.050595238095238096,0.201
290,DRAW_STROKE_0,0,127,1,0.3932142857142857,0.05029761904761904,0.201
291,DRAW_STROKE_0,0,128,1,0.39285714285714285,0.049999999999999996,0.201
292,DRAW_STROKE_0,0,129,1,0.3927407407407407,0.049555555555555554,0.201
293,DRAW_STROKE_0,0,130,1,0.3926243386243386,0.049111111111111105,0.201
294,DRAW_STROKE_0,0,131,1,0.3925079365079365,0.048666666666666664,0.201
295,DRAW_STROKE_0,0,132,1,0.39239153439153435,0.04822222222222222,0.201
296,DRAW_STROKE_0,0,133,1,0.3922751322751323,0.04777777777777777,0.201
297,DRAW_STROKE_0,0,134,1,0.39215873015873015,0.04733333333333333,0.201
298,DRAW_STROKE_0,0,135,1,0.392042328042328,0.04688888888888889,0.201
299,DRAW_STROKE_0,0,136,1,0.3919259259259259,0.04644444444444444,0.201
300,DRAW_STROKE_0,0,137,1,0.3918095238095238,0.046,0.201
301,DRAW_STROKE_0,0,138,1,0.39169312169312165,0.04555555555555556,0.201
302,DRAW_STROKE_0,0,139,1,0.3915767195767196,0.04511111111111111,0.201
303,DRAW_STROKE_0,0,140,1,0.39146031746031745,0.04466666666666667,0.201
304,DRAW_STROKE_0,0,141,1,0.3913439153439153,0.04422222222222222,0.201
305,DRAW_STROKE_0,0,142,1,0.3912275132275132,0.04377777777777778,0.201
306,DRAW_STROKE_0,0,143,1,0.3911111111111111,0.04333333333333333,0.201
307,DRAW_STROKE_0,0,144,1,0.39099470899470895,0.042888888888888886,0.201
308,DRAW_STROKE_0,0,145,1,0.3908783068783069,0.04244444444444444,0.201
309,DRAW_STROKE_0,0,146,1,0.39076190476190475,0.041999999999999996,0.201
310,DRAW_STROKE_0,0,147,1,0.3904126984126984,0.04066666666666666,0.201
311,DRAW_STROKE_0,0,148,1,0.39006349206349206,0.03933333333333333,0.201
312,DRAW_STROKE_0,0,149,1,0.3897142857142857,0.038,0.201
313,DRAW_STROKE_0,0,150,1,0.3898285714285714,0.03662857142857143,0.201
314,DRAW_STROKE_0,0,151,1,0.3899428571428571,0.035257142857142855,0.201
315,DRAW_STROKE_0,0,152,1,0.3900571428571428,0.03388571428571428,0.201
316,DRAW_STROKE_0,0,153,1,0.39017142857142856,0.03251428571428571,0.201
317,DRAW_STROKE_0,0,154,1,0.39028571428571424,0.031142857142857142,0.201
318,DRAW_STROKE_0,0,155,1,0.39039999999999997,0.029771428571428574,0.201
319,DRAW_STROKE_0,0,156,1,0.3905142857142857,0.0284,0.201
320,DRAW_STROKE_0,0,157,1,0.39062857142857144,0.02702857142857143,0.201
321,DRAW_STROKE_0,0,158,1,0.3907428571428571,0.025657142857142858,0.201
322,DRAW_STROKE_0,0,159,1,0.39085714285714285,0.024285714285714285,0.201
323,DRAW_STROKE_0,0,160,1,0.3912987012987013,0.022987012987012986,0.201
324,DRAW_STROKE_0,0,161,1,0.3917402597402597,0.021688311688311687,0.201
325,DRAW_STROKE_0,0,162,1,0.3921818181818182,0.020389610389610388,0.201
326,DRAW_STROKE_0,0,163,1,0.39262337662337665,0.01909090909090909,0.201
327,DRAW_STROKE_0,0,164,1,0.39306493506493506,0.017792207792207793,0.201
328,DRAW_STROKE_0,0,165,1,0.39321212121212124,0.01735930735930736,0.201
329,DRAW_STROKE_0,0,166,1,0.39335930735930735,0.01692640692640693,0.201
330,DRAW_STROKE_0,0,167,1,0.3935064935064935,0.016493506493506494,0.201
331,DRAW_STROKE_0,0,168,1,0.39365367965367964,0.01606060606060606,0.201
332,DRAW_STROKE_0,0,169,1,0.3938008658008658,0.01562770562770563,0.201
333,DRAW_STROKE_0,0,170,1,0.39394805194805194,0.015194805194805195,0.201
334,DRAW_STROKE_0,0,171,1,0.3940952380952381,0.014761904761904763,0.201
335,DRAW_STROKE_0,0,172,1,0.3942424242424242,0.014329004329004328,0.201
336,DRAW_STROKE_0,0,173,1,0.3943896103896104,0.013896103896103896,0.201
337,DRAW_STROKE_0,0,174,1,0.3945367965367966,0.013463203463203463,0.201
338,DRAW_STROKE_0,0,175,1,0.3946839826839827,0.01303030303030303,0.201
339,DRAW_STROKE_0,0,176,1,0.39483116883116887,0.012597402597402597,0.201
340,DRAW_STROKE_0,0,177,1,0.394978354978355,0.012164502164502164,0.201
341,DRAW_STROKE_0,0,178,1,0.39512554112554116,0.011731601731601732,0.201
342,DRAW_STROKE_0,0,179,1,0.3952727272727273,0.0112987012987013,0.201
343,DRAW_STROKE_0,0,180,1,0.39541991341991345,0.010865800865800867,0.201
344,DRAW_STROKE_0,0,181,1,0.39556709956709957,0.010432900432900433,0.201
345,DRAW_STROKE_0,0,182,1,0.39571428571428574,0.01,0.201
346,DRAW_STROKE_0,0,183,1,0.3960714285714286,0.009702380952380952,0.201
347,DRAW_STROKE_0,0,184,1,0.39642857142857146,0.009404761904761905,0.201
348,DRAW_STROKE_0,0,185,1,0.3967857142857143,0.009107142857142857,0.201
349,DRAW_STROKE_0,0,186,1,0.3971428571428572,0.00880952380952381,0.201
350,DRAW_STROKE_0,0,187,1,0.3975,0.008511904761904762,0.201
351,DRAW_STROKE_0,0,188,1,0.3978571428571429,0.008214285714285716,0.201
352,DRAW_STROKE_0,0,189,1,0.39821428571428574,0.007916666666666667,0.201
353,DRAW_STROKE_0,0,190,1,0.39857142857142863,0.00761904761904762,0.201
354,DRAW_STROKE_0,0,191,1,0.39892857142857147,0.0073214285714285725,0.201
355,DRAW_STROKE_0,0,192,1,0.3992857142857143,0.007023809523809525,0.201
356,DRAW_STROKE_0,0,193,1,0.3996428571428572,0.006726190476190477,0.201
357,DRAW_STROKE_0,0,194,1,0.4,0.006428571428571429,0.201
358,DRAW_STROKE_0,0,195,1,0.40035714285714286,0.006130952380952382,0.201
359,DRAW_STROKE_0,0,196,1,0.40071428571428575,0.0058333333333333345,0.201
360,DRAW_STROKE_0,0,197,1,0.4010714285714286,0.005535714285714287,0.201
361,DRAW_STROKE_0,0,198,1,0.4014285714285714,0.00523809523809524,0.201
362,DRAW_STROKE_0,0,199,1,0.4017857142857143,0.004940476190476192,0.201
363,DRAW_STROKE_0,0,200,1,0.40214285714285714,0.004642857142857145,0.201
364,DRAW_STROKE_0,0,201,1,0.4025,0.004345238095238097,0.201
365,DRAW_STROKE_0,0,202,1,0.40285714285714286,0.004047619047619049,0.201
366,DRAW_STROKE_0,0,203,1,0.40321428571428575,0.0037500000000000016,0.201
367,DRAW_STROKE_0,0,204,1,0.4035714285714286,0.003452380952380954,0.201
368,DRAW_STROKE_0,0,205,1,0.40392857142857147,0.0031547619047619067,0.201
369,DRAW_STROKE_0,0,206,1,0.4042857142857143,0.0028571428571428593,0.201
370,DRAW_STROKE_0,0,207,1,0.4046258503401361,0.003129251700680274,0.201
371,DRAW_STROKE_0,0,208,1,0.40496598639455783,0.0034013605442176887,0.201
372,DRAW_STROKE_0,0,209,1,0.4053061224489796,0.0036734693877551036,0.201
373,DRAW_STROKE_0,0,210,1,0.40564625850340136,0.003945578231292518,0.201
374,DRAW_STROKE_0,0,211,1,0.40598639455782315,0.004217687074829933,0.201
375,DRAW_STROKE_0,0,212,1,0.4063265306122449,0.004489795918367348,0.201
376,DRAW_STROKE_0,0,213,1,0.4066666666666667,0.004761904761904763,0.201
377,DRAW_STROKE_0,0,214,1,0.4070068027210884,0.005034013605442178,0.201
378,DRAW_STROKE_0,0,215,1,0.4073469387755102,0.005306122448979593,0.201
379,DRAW_STROKE_0,0,216,1,0.407687074829932,0.0055782312925170075,0.201
380,DRAW_STROKE_0,0,217,1,0.40802721088435373,0.005850340136054423,0.201
381,DRAW_STROKE_0,0,218,1,0.4083673469387755,0.006122448979591837,0.201
382,DRAW_STROKE_0,0,219,1,0.4087074829931973,0.006394557823129252,0.201
383,DRAW_STROKE_0,0,220,1,0.40904761904761905,0.006666666666666667,0.201
384,DRAW_STROKE_0,0,221,1,0.40938775510204084,0.0069387755102040816,0.201
385,DRAW_STROKE_0,0,222,1,0.4097278911564626,0.007210884353741496,0.201
386,DRAW_STROKE_0,0,223,1,0.41006802721088437,0.007482993197278911,0.201
387,DRAW_STROKE_0,0,224,1,0.4104081632653061,0.007755102040816326,0.201
388,DRAW_STROKE_0,0,225,1,0.4107482993197279,0.008027210884353741,0.201
389,DRAW_STROKE_0,0,226,1,0.41108843537414963,0.008299319727891155,0.201
390,DRAW_STROKE_0,0,227,1,0.4114285714285714,0.00857142857142857,0.201
391,DRAW_STROKE_0,0,228,1,0.41156462585034015,0.008095238095238095,0.201
392,DRAW_STROKE_0,0,229,1,0.4117006802721088,0.007619047619047618,0.201
393,DRAW_STROKE_0,0,230,1,0.41183673469387755,0.007142857142857142,0.201
394,DRAW_STROKE_0,0,231,1,0.4119727891156463,0.006666666666666665,0.201
395,DRAW_STROKE_0,0,232,1,0.41210884353741495,0.00619047619047619,0.201
396,DRAW_STROKE_0,0,233,1,0.4122448979591837,0.005714285714285713,0.201
397,DRAW_STROKE_0,0,234,1,0.4123809523809524,0.005238095238095237,0.201
398,DRAW_STROKE_0,0,235,1,0.4125170068027211,0.004761904761904761,0.201
399,DRAW_STROKE_0,0,236,1,0.4126530612244898,0.004285714285714284,0.201
400,DRAW_STROKE_0,0,237,1,0.41278911564625853,0.0038095238095238082,0.201
401,DRAW_STROKE_0,0,238,1,0.4129251700680272,0.0033333333333333322,0.201
402,DRAW_STROKE_0,0,239,1,0.41306122448979593,0.002857142857142856,0.201
403,DRAW_STROKE_0,0,240,1,0.41319727891156466,0.0023809523809523794,0.201
404,DRAW_STROKE_0,0,241,1,0.41333333333333333,0.001904761904761903,0.201
405,DRAW_STROKE_0,0,242,1,0.41346938775510206,0.0014285714285714266,0.201
406,DRAW_STROKE_0,0,243,1,0.4136054421768708,0.0009523809523809505,0.201
407,DRAW_STROKE_0,0,244,1,0.41374149659863946,0.00047619047619047446,0.201
408,DRAW_STROKE_0,0,245,1,0.4138775510204082,-1.734723475976807e-18,0.201
409,DRAW_STROKE_0,0,246,1,0.4140136054421769,-0.0004761904761904778,0.201
410,DRAW_STROKE_0,0,247,1,0.4141496598639456,-0.0009523809523809539,0.201
411,DRAW_STROKE_0,0,248,1,0.4142857142857143,-0.00142857142857143,0.201
412,DRAW_STROKE_0,0,249,1,0.4140846560846561,-0.0018412698412698424,0.201
413,DRAW_STROKE_0,0,250,1,0.4138835978835979,-0.0022539682539682547,0.201
414,DRAW_STROKE_0,0,251,1,0.4136825396825397,-0.002666666666666667,0.201
415,DRAW_STROKE_0,0,252,1,0.4134814814814815,-0.0030793650793650793,0.201
416,DRAW_STROKE_0,0,253,1,0.4132804232804233,-0.0034920634920634916,0.201
417,DRAW_STROKE_0,0,254,1,0.4130793650793651,-0.0039047619047619044,0.201
418,DRAW_STROKE_0,0,255,1,0.4128783068783069,-0.004317460317460317,0.201
419,DRAW_STROKE_0,0,256,1,0.4126772486772487,-0.004730158730158729,0.201
420,DRAW_STROKE_0,0,257,1,0.4124761904761905,-0.005142857142857142,0.201
421,DRAW_STROKE_0,0,258,1,0.4122751322751323,-0.005555555555555554,0.201
422,DRAW_STROKE_0,0,259,1,0.4120740740740741,-0.005968253968253967,0.201
423,DRAW_STROKE_0,0,260,1,0.4118730158730159,-0.0063809523809523795,0.201
424,DRAW_STROKE_0,0,261,1,0.4116719576719577,-0.006793650793650792,0.201
425,DRAW_STROKE_0,0,262,1,0.4114708994708995,-0.007206349206349205,0.201
426,DRAW_STROKE_0,0,263,1,0.4112698412698413,-0.007619047619047617,0.201
427,DRAW_STROKE_0,0,264,1,0.4110687830687831,-0.008031746031746029,0.201
428,DRAW_STROKE_0,0,265,1,0.4108677248677249,-0.008444444444444442,0.201
429,DRAW_STROKE_0,0,266,1,0.4106666666666667,-0.008857142857142853,0.201
430,DRAW_STROKE_0,0,267,1,0.4100634920634921,-0.010095238095238093,0.201
431,DRAW_STROKE_0,0,268,1,0.40946031746031747,-0.011333333333333329,0.201
432,DRAW_STROKE_0,0,269,1,0.40885714285714286,-0.012571428571428567,0.201
433,DRAW_STROKE_0,0,270,1,0.4084935064935065,-0.013922077922077917,0.201
434,DRAW_STROKE_0,0,271,1,0.4081298701298701,-0.015272727272727268,0.201
435,DRAW_STROKE_0,0,272,1,0.4077662337662338,-0.016623376623376616,0.201
436,DRAW_STROKE_0,0,273,1,0.40740259740259743,-0.01797402597402597,0.201
437,DRAW_STROKE_0,0,274,1,0.40703896103896103,-0.019324675324675317,0.201
438,DRAW_STROKE_0,0,275,1,0.4066753246753247,-0.020675324675324666,0.201
439,DRAW_STROKE_0,0,276,1,0.4063116883116883,-0.02202597402597402,0.201
440,DRAW_STROKE_0,0,277,1,0.40594805194805195,-0.02337662337662337,0.201
441,DRAW_STROKE_0,0,278,1,0.4055844155844156,-0.024727272727272723,0.201
442,DRAW_STROKE_0,0,279,1,0.4052207792207792,-0.026077922077922068,0.201
443,DRAW_STROKE_0,0,280,1,0.40485714285714286,-0.02742857142857142,0.201
444,DRAW_STROKE_0,0,281,1,0.4046233766233766,-0.028831168831168822,0.201
445,DRAW_STROKE_0,0,282,1,0.4043896103896104,-0.030233766233766227,0.201
446,DRAW_STROKE_0,0,283,1,0.40415584415584416,-0.03163636363636363,0.201
447,DRAW_STROKE_0,0,284,1,0.4039220779220779,-0.033038961038961034,0.201
448,DRAW_STROKE_0,0,285,1,0.4036883116883117,-0.03444155844155843,0.201
449,DRAW_STROKE_0,0,286,1,0.40345454545454545,-0.03584415584415584,0.201
450,DRAW_STROKE_0,0,287,1,0.40322077922077926,-0.037246753246753236,0.201
451,DRAW_STROKE_0,0,288,1,0.402987012987013,-0.03864935064935064,0.201
452,DRAW_STROKE_0,0,289,1,0.40275324675324675,-0.04005194805194805,0.201
453,DRAW_STROKE_0,0,290,1,0.40251948051948055,-0.041454545454545445,0.201
454,DRAW_STROKE_0,0,291,1,0.4022857142857143,-0.04285714285714285,0.201
455,DRAW_STROKE_0,0,292,1,0.4018730158730159,-0.04412698412698412,0.201
456,DRAW_STROKE_0,0,293,1,0.40146031746031746,-0.045396825396825394,0.201
457,DRAW_STROKE_0,0,294,1,0.40104761904761904,-0.04666666666666666,0.201
458,DRAW_STROKE_0,0,295,1,0.4009100529100529,-0.047089947089947085,0.201
459,DRAW_STROKE_0,0,296,1,0.4007724867724868,-0.04751322751322751,0.201
460,DRAW_STROKE_0,0,297,1,0.4006349206349206,-0.04793650793650793,0.201
461,DRAW_STROKE_0,0,298,1,0.4004973544973545,-0.04835978835978835,0.201
462,DRAW_STROKE_0,0,299,1,0.40035978835978836,-0.04878306878306878,0.201
463,DRAW_STROKE_0,0,300,1,0.40022222222222226,-0.049206349206349205,0.201
464,DRAW_STROKE_0,0,301,1,0.4000846560846561,-0.04962962962962963,0.201
465,DRAW_STROKE_0,0,302,1,0.39994708994709,-0.05005291005291005,0.201
466,DRAW_STROKE_0,0,303,1,0.39980952380952384,-0.05047619047619047,0.201
467,DRAW_STROKE_0,0,304,1,0.3996719576719577,-0.050899470899470896,0.201
468,DRAW_STROKE_0,0,305,1,0.3995343915343916,-0.05132275132275132,0.201
469,DRAW_STROKE_0,0,306,1,0.3993968253968254,-0.05174603174603174,0.201
470,DRAW_STROKE_0,0,307,1,0.39925925925925926,-0.052169312169312164,0.201
471,DRAW_STROKE_0,0,308,1,0.39912169312169316,-0.052592592592592594,0.201
472,DRAW_STROKE_0,0,309,1,0.398984126984127,-0.053015873015873016,0.201
473,DRAW_STROKE_0,0,310,1,0.39884656084656084,-0.05343915343915344,0.201
474,DRAW_STROKE_0,0,311,1,0.39870899470899474,-0.05386243386243386,0.201
475,DRAW_STROKE_0,0,312,1,0.3985714285714286,-0.054285714285714284,0.201
476,DRAW_STROKE_0,0,313,1,0.3988888888888889,-0.054603174603174605,0.201
477,DRAW_STROKE_0,0,314,1,0.3992063492063492,-0.05492063492063492,0.201
478,DRAW_STROKE_0,0,315,1,0.3995238095238095,-0.05523809523809524,0.201
479,DRAW_STROKE_0,0,316,1,0.39984126984126983,-0.05555555555555556,0.201
480,DRAW_STROKE_0,0,317,1,0.40015873015873016,-0.05587301587301587,0.201
481,DRAW_STROKE_0,0,318,1,0.4004761904761905,-0.05619047619047619,0.201
482,DRAW_STROKE_0,0,319,1,0.4007936507936508,-0.056507936507936514,0.201
483,DRAW_STROKE_0,0,320,1,0.40111111111111114,-0.05682539682539683,0.201
484,DRAW_STROKE_0,0,321,1,0.40142857142857147,-0.05714285714285715,0.201
485,DRAW_STROKE_0,0,322,1,0.4017460317460318,-0.05746031746031746,0.201
486,DRAW_STROKE_0,0,323,1,0.40206349206349207,-0.05777777777777778,0.201
487,DRAW_STROKE_0,0,324,1,0.4023809523809524,-0.058095238095238096,0.201
488,DRAW_STROKE_0,0,325,1,0.4026984126984127,-0.058412698412698416,0.201
489,DRAW_STROKE_0,0,326,1,0.403015873015873,-0.05873015873015873,0.201
490,DRAW_STROKE_0,0,327,1,0.4033333333333333,-0.05904761904761905,0.201
491,DRAW_STROKE_0,0,328,1,0.40365079365079365,-0.05936507936507937,0.201
492,DRAW_STROKE_0,0,329,1,0.403968253968254,-0.059682539682539684,0.201
493,DRAW_STROKE_0,0,330,1,0.4042857142857143,-0.060000000000000005,0.201
494,DRAW_STROKE_0,0,331,1,0.40476190476190477,-0.060000000000000005,0.201
495,DRAW_STROKE_0,0,332,1,0.4052380952380953,-0.060000000000000005,0.201
496,DRAW_STROKE_0,0,333,1,0.40571428571428575,-0.060000000000000005,0.201
497,DRAW_STROKE_0,0,334,1,0.4061904761904762,-0.060000000000000005,0.201
498,DRAW_STROKE_0,0,335,1,0.4066666666666667,-0.060000000000000005,0.201
499,DRAW_STROKE_0,0,336,1,0.40714285714285714,-0.060000000000000005,0.201
500,DRAW_STROKE_0,0,337,1,0.4076190476190476,-0.060000000000000005,0.201
501,DRAW_STROKE_0,0,338,1,0.4080952380952381,-0.060000000000000005,0.201
502,DRAW_STROKE_0,0,339,1,0.4085714285714286,-0.060000000000000005,0.201
503,DRAW_STROKE_0,0,340,1,0.40904761904761905,-0.060000000000000005,0.201
504,DRAW_STROKE_0,0,341,1,0.40952380952380957,-0.060000000000000005,0.201
505,DRAW_STROKE_0,0,342,1,0.41000000000000003,-0.060000000000000005,0.201
506,DRAW_STROKE_0,0,343,1,0.4104761904761905,-0.060000000000000005,0.201
507,DRAW_STROKE_0,0,344,1,0.410952380952381,-0.060000000000000005,0.201
508,DRAW_STROKE_0,0,345,1,0.4114285714285715,-0.060000000000000005,0.201
509,DRAW_STROKE_0,0,346,1,0.41190476190476194,-0.060000000000000005,0.201
510,DRAW_STROKE_0,0,347,1,0.4123809523809524,-0.060000000000000005,0.201
511,DRAW_STROKE_0,0,348,1,0.41285714285714287,-0.060000000000000005,0.201
512,DRAW_STROKE_0,0,349,1,0.41333333333333333,-0.060000000000000005,0.201
513,DRAW_STROKE_0,0,350,1,0.41380952380952385,-0.060000000000000005,0.201
514,DRAW_STROKE_0,0,351,1,0.4142857142857143,-0.060000000000000005,0.201
515,DRAW_STROKE_0,0,352,1,0.4147619047619048,-0.060000000000000005,0.201
516,DRAW_STROKE_0,0,353,1,0.4152380952380953,-0.060000000000000005,0.201
517,DRAW_STROKE_0,0,354,1,0.41571428571428576,-0.060000000000000005,0.201
518,DRAW_STROKE_0,0,355,1,0.4161904761904762,-0.060000000000000005,0.201
519,DRAW_STROKE_0,0,356,1,0.4166666666666667,-0.060000000000000005,0.201
520,DRAW_STROKE_0,0,357,1,0.41714285714285715,-0.060000000000000005,0.201
521,DRAW_STROKE_0,0,358,1,0.4176190476190476,-0.060000000000000005,0.201
522,DRAW_STROKE_0,0,359,1,0.41809523809523813,-0.060000000000000005,0.201
523,DRAW_STROKE_0,0,360,1,0.4185714285714286,-0.060000000000000005,0.201
524,DRAW_STROKE_0,0,361,1,0.4188571428571429,-0.05961904761904762,0.201
525,DRAW_STROKE_0,0,362,1,0.41914285714285715,-0.05923809523809524,0.201
526,DRAW_STROKE_0,0,363,1,0.41942857142857143,-0.05885714285714286,0.201
527,DRAW_STROKE_0,0,364,1,0.4197142857142857,-0.05847619047619048,0.201
528,DRAW_STROKE_0,0,365,1,0.42000000000000004,-0.058095238095238096,0.201
529,DRAW_STROKE_0,0,366,1,0.4202857142857143,-0.05771428571428572,0.201
530,DRAW_STROKE_0,0,367,1,0.4205714285714286,-0.05733333333333333,0.201
531,DRAW_STROKE_0,0,368,1,0.4208571428571429,-0.056952380952380956,0.201
532,DRAW_STROKE_0,0,369,1,0.42114285714285715,-0.05657142857142857,0.201
533,DRAW_STROKE_0,0,370,1,0.42142857142857143,-0.05619047619047619,0.201
534,DRAW_STROKE_0,0,371,1,0.42171428571428576,-0.05580952380952381,0.201
535,DRAW_STROKE_0,0,372,1,0.42200000000000004,-0.05542857142857143,0.201
536,DRAW_STROKE_0,0,373,1,0.4222857142857143,-0.05504761904761905,0.201
537,DRAW_STROKE_0,0,374,1,0.4225714285714286,-0.05466666666666667,0.201
538,DRAW_STROKE_0,0,375,1,0.4228571428571429,-0.054285714285714284,0.201
539,DRAW_STROKE_0,0,376,1,0.4228174603174603,-0.05380952380952381,0.201
540,DRAW_STROKE_0,0,377,1,0.4227777777777778,-0.05333333333333333,0.201
541,DRAW_STROKE_0,0,378,1,0.42273809523809525,-0.05285714285714285,0.201
542,DRAW_STROKE_0,0,379,1,0.4226984126984127,-0.052380952380952375,0.201
543,DRAW_STROKE_0,0,380,1,0.4226587301587302,-0.051904761904761905,0.201
544,DRAW_STROKE_0,0,381,1,0.4226190476190476,-0.05142857142857143,0.201
545,DRAW_STROKE_0,0,382,1,0.42257936507936505,-0.05095238095238095,0.201
546,DRAW_STROKE_0,0,383,1,0.42253968253968255,-0.05047619047619048,0.201
547,DRAW_STROKE_0,0,384,1,0.4225,-0.05,0.201
548,DRAW_STROKE_0,0,385,1,0.4224603174603175,-0.049523809523809526,0.201
549,DRAW_STROKE_0,0,386,1,0.4224206349206349,-0.04904761904761905,0.201
550,DRAW_STROKE_0,0,387,1,0.4223809523809524,-0.04857142857142857,0.201
551,DRAW_STROKE_0,0,388,1,0.42234126984126985,-0.048095238095238094,0.201
552,DRAW_STROKE_0,0,389,1,0.42230158730158734,-0.047619047619047616,0.201
553,DRAW_STROKE_0,0,390,1,0.4222619047619048,-0.04714285714285714,0.201
554,DRAW_STROKE_0,0,391,1,0.4222222222222222,-0.04666666666666666,0.201
555,DRAW_STROKE_0,0,392,1,0.4221825396825397,-0.04619047619047619,0.201
556,DRAW_STROKE_0,0,393,1,0.42214285714285715,-0.045714285714285714,0.201
557,DRAW_STROKE_0,0,394,1,0.4221031746031746,-0.04523809523809524,0.201
558,DRAW_STROKE_0,0,395,1,0.4220634920634921,-0.04476190476190477,0.201
559,DRAW_STROKE_0,0,396,1,0.4220238095238095,-0.04428571428571429,0.201
560,DRAW_STROKE_0,0,397,1,0.42198412698412696,-0.04380952380952381,0.201
561,DRAW_STROKE_0,0,398,1,0.42194444444444446,-0.043333333333333335,0.201
562,DRAW_STROKE_0,0,399,1,0.4219047619047619,-0.04285714285714286,0.201
563,DRAW_STROKE_0,0,400,1,0.4218650793650794,-0.04238095238095238,0.201
564,DRAW_STROKE_0,0,401,1,0.4218253968253968,-0.0419047619047619,0.201
565,DRAW_STROKE_0,0,402,1,0.4217857142857143,-0.041428571428571426,0.201
566,DRAW_STROKE_0,0,403,1,0.42174603174603176,-0.04095238095238095,0.201
567,DRAW_STROKE_0,0,404,1,0.42170634920634925,-0.04047619047619048,0.201
568,DRAW_STROKE_0,0,405,1,0.4216666666666667,-0.04,0.201
569,DRAW_STROKE_0,0,406,1,0.42162698412698413,-0.039523809523809524,0.201
570,DRAW_STROKE_0,0,407,1,0.4215873015873016,-0.03904761904761905,0.201
571,DRAW_STROKE_0,0,408,1,0.42154761904761906,-0.038571428571428576,0.201
572,DRAW_STROKE_0,0,409,1,0.4215079365079365,-0.0380952380952381,0.201
573,DRAW_STROKE_0,0,410,1,0.421468253968254,-0.03761904761904762,0.201
574,DRAW_STROKE_0,0,411,1,0.42142857142857143,-0.037142857142857144,0.201
575,DRAW_STROKE_0,0,412,1,0.4218941798941799,-0.03729100529100529,0.201
576,DRAW_STROKE_0,0,413,1,0.4223597883597884,-0.03743915343915344,0.201
577,DRAW_STROKE_0,0,414,1,0.4228253968253968,-0.037587301587301586,0.201
578,DRAW_STROKE_0,0,415,1,0.4232910052910053,-0.03773544973544973,0.201
579,DRAW_STROKE_0,0,416,1,0.4237566137566138,-0.03788359788359789,0.201
580,DRAW_STROKE_0,0,417,1,0.4242222222222222,-0.038031746031746035,0.201
581,DRAW_STROKE_0,0,418,1,0.42468783068783067,-0.03817989417989418,0.201
582,DRAW_STROKE_0,0,419,1,0.42515343915343917,-0.03832804232804233,0.201
583,DRAW_STROKE_0,0,420,1,0.4256190476190476,-0.038476190476190476,0.201
584,DRAW_STROKE_0,0,421,1,0.42608465608465607,-0.038624338624338624,0.201
585,DRAW_STROKE_0,0,422,1,0.42655026455026457,-0.03877248677248678,0.201
586,DRAW_STROKE_0,0,423,1,0.427015873015873,-0.038920634920634925,0.201
587,DRAW_STROKE_0,0,424,1,0.4274814814814815,-0.03906878306878307,0.201
588,DRAW_STROKE_0,0,425,1,0.42794708994708996,-0.03921693121693122,0.201
589,DRAW_STROKE_0,0,426,1,0.42841269841269847,-0.03936507936507937,0.201
590,DRAW_STROKE_0,0,427,1,0.4288783068783069,-0.039513227513227514,0.201
591,DRAW_STROKE_0,0,428,1,0.4293439153439154,-0.03966137566137567,0.201
592,DRAW_STROKE_0,0,429,1,0.42980952380952386,-0.039809523809523815,0.201
593,DRAW_STROKE_0,0,430,1,0.43120634920634926,-0.04025396825396826,0.201
594,DRAW_STROKE_0,0,431,1,0.43260317460317466,-0.040698412698412706,0.201
595,DRAW_STROKE_0,0,432,1,0.43400000000000005,-0.04114285714285715,0.201
596,DRAW_STROKE_0,0,433,1,0.4354545454545455,-0.041324675324675327,0.201
597,DRAW_STROKE_0,0,434,1,0.43690909090909097,-0.04150649350649351,0.201
598,DRAW_STROKE_0,0,435,1,0.4383636363636364,-0.04168831168831169,0.201
599,DRAW_STROKE_0,0,436,1,0.4398181818181819,-0.04187012987012987,0.201
600,DRAW_STROKE_0,0,437,1,0.4412727272727273,-0.04205194805194805,0.201
601,DRAW_STROKE_0,0,438,1,0.4427272727272728,-0.042233766233766235,0.201
602,DRAW_STROKE_0,0,439,1,0.44418181818181823,-0.04241558441558441,0.201
603,DRAW_STROKE_0,0,440,1,0.4456363636363637,-0.04259740259740259,0.201
604,DRAW_STROKE_0,0,441,1,0.44709090909090915,-0.04277922077922077,0.201
605,DRAW_STROKE_0,0,442,1,0.44854545454545464,-0.04296103896103896,0.201
606,DRAW_STROKE_0,0,443,1,0.45000000000000007,-0.043142857142857136,0.201
607,DRAW_STROKE_0,0,444,1,0.4514545454545455,-0.04296103896103896,0.201
608,DRAW_STROKE_0,0,445,1,0.452909090909091,-0.04277922077922077,0.201
609,DRAW_STROKE_0,0,446,1,0.4543636363636364,-0.04259740259740259,0.201
610,DRAW_STROKE_0,0,447,1,0.45581818181818184,-0.04241558441558441,0.201
611,DRAW_STROKE_0,0,448,1,0.4572727272727273,-0.042233766233766235,0.201
612,DRAW_STROKE_0,0,449,1,0.45872727272727276,-0.04205194805194805,0.201
613,DRAW_STROKE_0,0,450,1,0.4601818181818182,-0.04187012987012987,0.201
614,DRAW_STROKE_0,0,451,1,0.4616363636363636,-0.04168831168831169,0.201
615,DRAW_STROKE_0,0,452,1,0.46309090909090905,-0.04150649350649351,0.201
616,DRAW_STROKE_0,0,453,1,0.46454545454545454,-0.041324675324675327,0.201
617,DRAW_STROKE_0,0,454,1,0.46599999999999997,-0.04114285714285715,0.201
618,DRAW_STROKE_0,0,455,1,0.46739682539682537,-0.040698412698412706,0.201
619,DRAW_STROKE_0,0,456,1,0.46879365079365076,-0.04025396825396826,0.201
620,DRAW_STROKE_0,0,457,1,0.47019047619047616,-0.039809523809523815,0.201
621,DRAW_STROKE_0,0,458,1,0.4706560846560846,-0.03966137566137567,0.201
622,DRAW_STROKE_0,0,459,1,0.4711216931216931,-0.039513227513227514,0.201
623,DRAW_STROKE_0,0,460,1,0.47158730158730156,-0.03936507936507937,0.201
624,DRAW_STROKE_0,0,461,1,0.47205291005291006,-0.03921693121693122,0.201
625,DRAW_STROKE_0,0,462,1,0.4725185185185185,-0.03906878306878307,0.201
626,DRAW_STROKE_0,0,463,1,0.472984126984127,-0.038920634920634925,0.201
627,DRAW_STROKE_0,0,464,1,0.47344973544973545,-0.03877248677248678,0.201
628,DRAW_STROKE_0,0,465,1,0.47391534391534396,-0.038624338624338624,0.201
629,DRAW_STROKE_0,0,466,1,0.4743809523809524,-0.038476190476190476,0.201
630,DRAW_STROKE_0,0,467,1,0.47484656084656085,-0.03832804232804233,0.201
631,DRAW_STROKE_0,0,468,1,0.47531216931216935,-0.03817989417989418,0.201
632,DRAW_STROKE_0,0,469,1,0.4757777777777778,-0.038031746031746035,0.201
633,DRAW_STROKE_0,0,470,1,0.47624338624338625,-0.03788359788359789,0.201
634,DRAW_STROKE_0,0,471,1,0.47670899470899475,-0.03773544973544973,0.201
635,DRAW_STROKE_0,0,472,1,0.4771746031746032,-0.037587301587301586,0.201
636,DRAW_STROKE_0,0,473,1,0.47764021164021164,-0.03743915343915344,0.201
637,DRAW_STROKE_0,0,474,1,0.47810582010582015,-0.03729100529100529,0.201
638,DRAW_STROKE_0,0,475,1,0.4785714285714286,-0.037142857142857144,0.201
639,DRAW_STROKE_0,0,476,1,0.47853174603174603,-0.03761904761904762,0.201
640,DRAW_STROKE_0,0,477,1,0.4784920634920635,-0.0380952380952381,0.201
641,DRAW_STROKE_0,0,478,1,0.47845238095238096,-0.038571428571428576,0.201
642,DRAW_STROKE_0,0,479,1,0.4784126984126984,-0.03904761904761905,0.201
643,DRAW_STROKE_0,0,480,1,0.4783730158730159,-0.039523809523809524,0.201
644,DRAW_STROKE_0,0,481,1,0.47833333333333333,-0.04,0.201
645,DRAW_STROKE_0,0,482,1,0.47829365079365077,-0.04047619047619048,0.201
646,DRAW_STROKE_0,0,483,1,0.47825396825396826,-0.04095238095238095,0.201
647,DRAW_STROKE_0,0,484,1,0.4782142857142857,-0.041428571428571426,0.201
648,DRAW_STROKE_0,0,485,1,0.4781746031746032,-0.0419047619047619,0.201
649,DRAW_STROKE_0,0,486,1,0.47813492063492063,-0.04238095238095238,0.201
650,DRAW_STROKE_0,0,487,1,0.47809523809523813,-0.04285714285714286,0.201
651,DRAW_STROKE_0,0,488,1,0.47805555555555557,-0.043333333333333335,0.201
652,DRAW_STROKE_0,0,489,1,0.47801587301587306,-0.04380952380952381,0.201
653,DRAW_STROKE_0,0,490,1,0.4779761904761905,-0.04428571428571429,0.201
654,DRAW_STROKE_0,0,491,1,0.47793650793650794,-0.04476190476190477,0.201
655,DRAW_STROKE_0,0,492,1,0.47789682539682543,-0.04523809523809524,0.201
656,DRAW_STROKE_0,0,493,1,0.47785714285714287,-0.045714285714285714,0.201
657,DRAW_STROKE_0,0,494,1,0.4778174603174603,-0.04619047619047619,0.201
658,DRAW_STROKE_0,0,495,1,0.4777777777777778,-0.04666666666666666,0.201
659,DRAW_STROKE_0,0,496,1,0.47773809523809524,-0.04714285714285714,0.201
660,DRAW_STROKE_0,0,497,1,0.4776984126984127,-0.047619047619047616,0.201
661,DRAW_STROKE_0,0,498,1,0.47765873015873017,-0.048095238095238094,0.201
662,DRAW_STROKE_0,0,499,1,0.4776190476190476,-0.04857142857142857,0.201
663,DRAW_STROKE_0,0,500,1,0.4775793650793651,-0.04904761904761905,0.201
664,DRAW_STROKE_0,0,501,1,0.47753968253968254,-0.049523809523809526,0.201
665,DRAW_STROKE_0,0,502,1,0.47750000000000004,-0.05,0.201
666,DRAW_STROKE_0,0,503,1,0.4774603174603175,-0.05047619047619048,0.201
667,DRAW_STROKE_0,0,504,1,0.47742063492063497,-0.05095238095238095,0.201
668,DRAW_STROKE_0,0,505,1,0.4773809523809524,-0.05142857142857143,0.201
669,DRAW_STROKE_0,0,506,1,0.47734126984126984,-0.051904761904761905,0.201
670,DRAW_STROKE_0,0,507,1,0.47730158730158734,-0.052380952380952375,0.201
671,DRAW_STROKE_0,0,508,1,0.4772619047619048,-0.05285714285714285,0.201
672,DRAW_STROKE_0,0,509,1,0.4772222222222222,-0.05333333333333333,0.201
673,DRAW_STROKE_0,0,510,1,0.4771825396825397,-0.05380952380952381,0.201
674,DRAW_STROKE_0,0,511,1,0.47714285714285715,-0.054285714285714284,0.201
675,DRAW_STROKE_0,0,512,1,0.4774285714285714,-0.05466666666666667,0.201
676,DRAW_STROKE_0,0,513,1,0.4777142857142857,-0.05504761904761905,0.201
677,DRAW_STROKE_0,0,514,1,0.478,-0.05542857142857143,0.201
678,DRAW_STROKE_0,0,515,1,0.47828571428571426,-0.05580952380952381,0.201
679,DRAW_STROKE_0,0,516,1,0.4785714285714286,-0.05619047619047619,0.201
680,DRAW_STROKE_0,0,517,1,0.47885714285714287,-0.05657142857142857,0.201
681,DRAW_STROKE_0,0,518,1,0.47914285714285715,-0.056952380952380956,0.201
682,DRAW_STROKE_0,0,519,1,0.4794285714285714,-0.05733333333333333,0.201
683,DRAW_STROKE_0,0,520,1,0.4797142857142857,-0.05771428571428572,0.201
684,DRAW_STROKE_0,0,521,1,0.48,-0.058095238095238096,0.201
685,DRAW_STROKE_0,0,522,1,0.4802857142857143,-0.05847619047619048,0.201
686,DRAW_STROKE_0,0,523,1,0.4805714285714286,-0.05885714285714286,0.201
687,DRAW_STROKE_0,0,524,1,0.48085714285714287,-0.05923809523809524,0.201
688,DRAW_STROKE_0,0,525,1,0.48114285714285715,-0.05961904761904762,0.201
689,DRAW_STROKE_0,0,526,1,0.48142857142857143,-0.060000000000000005,0.201
690,DRAW_STROKE_0,0,527,1,0.4819047619047619,-0.060000000000000005,0.201
691,DRAW_STROKE_0,0,528,1,0.4823809523809524,-0.060000000000000005,0.201
692,DRAW_STROKE_0,0,529,1,0.4828571428571429,-0.060000000000000005,0.201
693,DRAW_STROKE_0,0,530,1,0.48333333333333334,-0.060000000000000005,0.201
694,DRAW_STROKE_0,0,531,1,0.4838095238095238,-0.060000000000000005,0.201
695,DRAW_STROKE_0,0,532,1,0.48428571428571426,-0.060000000000000005,0.201
696,DRAW_STROKE_0,0,533,1,0.4847619047619047,-0.060000000000000005,0.201
697,DRAW_STROKE_0,0,534,1,0.48523809523809525,-0.060000000000000005,0.201
698,DRAW_STROKE_0,0,535,1,0.4857142857142857,-0.060000000000000005,0.201
699,DRAW_STROKE_0,0,536,1,0.4861904761904762,-0.060000000000000005,0.201
700,DRAW_STROKE_0,0,537,1,0.4866666666666667,-0.060000000000000005,0.201
701,DRAW_STROKE_0,0,538,1,0.48714285714285716,-0.060000000000000005,0.201
702,DRAW_STROKE_0,0,539,1,0.4876190476190476,-0.060000000000000005,0.201
703,DRAW_STROKE_0,0,540,1,0.4880952380952381,-0.060000000000000005,0.201
704,DRAW_STROKE_0,0,541,1,0.48857142857142855,-0.060000000000000005,0.201
705,DRAW_STROKE_0,0,542,1,0.489047619047619,-0.060000000000000005,0.201
706,DRAW_STROKE_0,0,543,1,0.4895238095238095,-0.060000000000000005,0.201
707,DRAW_STROKE_0,0,544,1,0.49,-0.060000000000000005,0.201
708,DRAW_STROKE_0,0,545,1,0.49047619047619045,-0.060000000000000005,0.201
709,DRAW_STROKE_0,0,546,1,0.490952380952381,-0.060000000000000005,0.201
710,DRAW_STROKE_0,0,547,1,0.49142857142857144,-0.060000000000000005,0.201
711,DRAW_STROKE_0,0,548,1,0.4919047619047619,-0.060000000000000005,0.201
712,DRAW_STROKE_0,0,549,1,0.4923809523809524,-0.060000000000000005,0.201
713,DRAW_STROKE_0,0,550,1,0.4928571428571429,-0.060000000000000005,0.201
714,DRAW_STROKE_0,0,551,1,0.49333333333333335,-0.060000000000000005,0.201
715,DRAW_STROKE_0,0,552,1,0.4938095238095238,-0.060000000000000005,0.201
716,DRAW_STROKE_0,0,553,1,0.4942857142857143,-0.060000000000000005,0.201
717,DRAW_STROKE_0,0,554,1,0.49476190476190474,-0.060000000000000005,0.201
718,DRAW_STROKE_0,0,555,1,0.49523809523809526,-0.060000000000000005,0.201
719,DRAW_STROKE_0,0,556,1,0.4957142857142857,-0.060000000000000005,0.201
720,DRAW_STROKE_0,0,557,1,0.49603174603174605,-0.059682539682539684,0.201
721,DRAW_STROKE_0,0,558,1,0.4963492063492064,-0.05936507936507937,0.201
722,DRAW_STROKE_0,0,559,1,0.4966666666666667,-0.05904761904761905,0.201
723,DRAW_STROKE_0,0,560,1,0.49698412698412703,-0.05873015873015873,0.201
724,DRAW_STROKE_0,0,561,1,0.4973015873015873,-0.058412698412698416,0.201
725,DRAW_STROKE_0,0,562,1,0.4976190476190476,-0.058095238095238096,0.201
726,DRAW_STROKE_0,0,563,1,0.49793650793650795,-0.05777777777777778,0.201
727,DRAW_STROKE_0,0,564,1,0.4982539682539682,-0.05746031746031746,0.201
728,DRAW_STROKE_0,0,565,1,0.49857142857142855,-0.05714285714285715,0.201
729,DRAW_STROKE_0,0,566,1,0.4988888888888889,-0.05682539682539683,0.201
730,DRAW_STROKE_0,0,567,1,0.4992063492063492,-0.056507936507936514,0.201
731,DRAW_STROKE_0,0,568,1,0.49952380952380954,-0.05619047619047619,0.201
732,DRAW_STROKE_0,0,569,1,0.49984126984126986,-0.05587301587301587,0.201
733,DRAW_STROKE_0,0,570,1,0.5001587301587302,-0.05555555555555556,0.201
734,DRAW_STROKE_0,0,571,1,0.5004761904761905,-0.05523809523809524,0.201
735,DRAW_STROKE_0,0,572,1,0.5007936507936508,-0.05492063492063492,0.201
736,DRAW_STROKE_0,0,573,1,0.5011111111111112,-0.054603174603174605,0.201
737,DRAW_STROKE_0,0,574,1,0.5014285714285714,-0.054285714285714284,0.201
738,DRAW_STROKE_0,0,575,1,0.5012910052910053,-0.05386243386243386,0.201
739,DRAW_STROKE_0,0,576,1,0.5011534391534391,-0.05343915343915344,0.201
740,DRAW_STROKE_0,0,577,1,0.501015873015873,-0.053015873015873016,0.201
741,DRAW_STROKE_0,0,578,1,0.5008783068783069,-0.052592592592592594,0.201
742,DRAW_STROKE_0,0,579,1,0.5007407407407407,-0.052169312169312164,0.201
743,DRAW_STROKE_0,0,580,1,0.5006031746031746,-0.05174603174603174,0.201
744,DRAW_STROKE_0,0,581,1,0.5004656084656085,-0.05132275132275132,0.201
745,DRAW_STROKE_0,0,582,1,0.5003280423280423,-0.050899470899470896,0.201
746,DRAW_STROKE_0,0,583,1,0.5001904761904762,-0.05047619047619047,0.201
747,DRAW_STROKE_0,0,584,1,0.5000529100529101,-0.05005291005291005,0.201
748,DRAW_STROKE_0,0,585,1,0.4999153439153439,-0.04962962962962963,0.201
749,DRAW_STROKE_0,0,586,1,0.49977777777777777,-0.049206349206349205,0.201
750,DRAW_STROKE_0,0,587,1,0.4996402116402116,-0.04878306878306878,0.201
751,DRAW_STROKE_0,0,588,1,0.4995026455026455,-0.04835978835978835,0.201
752,DRAW_STROKE_0,0,589,1,0.49936507936507935,-0.04793650793650793,0.201
753,DRAW_STROKE_0,0,590,1,0.4992275132275132,-0.04751322751322751,0.201
754,DRAW_STROKE_0,0,591,1,0.4990899470899471,-0.047089947089947085,0.201
755,DRAW_STROKE_0,0,592,1,0.4989523809523809,-0.04666666666666666,0.201
756,DRAW_STROKE_0,0,593,1,0.4985396825396825,-0.045396825396825394,0.201
757,DRAW_STROKE_0,0,594,1,0.4981269841269841,-0.044126984126984126,0.201
758,DRAW_STROKE_0,0,595,1,0.49771428571428566,-0.04285714285714285,0.201
759,DRAW_STROKE_0,0,596,1,0.4974805194805194,-0.041454545454545445,0.201
760,DRAW_STROKE_0,0,597,1,0.4972467532467532,-0.04005194805194805,0.201
761,DRAW_STROKE_0,0,598,1,0.49701298701298696,-0.03864935064935064,0.201
762,DRAW_STROKE_0,0,599,1,0.49677922077922076,-0.037246753246753236,0.201
763,DRAW_STROKE_0,0,600,1,0.4965454545454545,-0.03584415584415584,0.201
764,DRAW_STROKE_0,0,601,1,0.4963116883116883,-0.03444155844155843,0.201
765,DRAW_STROKE_0,0,602,1,0.49607792207792206,-0.033038961038961034,0.201
766,DRAW_STROKE_0,0,603,1,0.49584415584415586,-0.03163636363636363,0.201
767,DRAW_STROKE_0,0,604,1,0.4956103896103896,-0.030233766233766224,0.201
768,DRAW_STROKE_0,0,605,1,0.4953766233766234,-0.028831168831168826,0.201
769,DRAW_STROKE_0,0,606,1,0.49514285714285716,-0.02742857142857142,0.201
770,DRAW_STROKE_0,0,607,1,0.4947792207792208,-0.02607792207792207,0.201
771,DRAW_STROKE_0,0,608,1,0.4944155844155844,-0.02472727272727272,0.201
772,DRAW_STROKE_0,0,609,1,0.4940519480519481,-0.02337662337662337,0.201
773,DRAW_STROKE_0,0,610,1,0.49368831168831173,-0.02202597402597402,0.201
774,DRAW_STROKE_0,0,611,1,0.49332467532467533,-0.02067532467532467,0.201
775,DRAW_STROKE_0,0,612,1,0.492961038961039,-0.01932467532467532,0.201
776,DRAW_STROKE_0,0,613,1,0.4925974025974026,-0.01797402597402597,0.201
777,DRAW_STROKE_0,0,614,1,0.49223376623376625,-0.016623376623376616,0.201
778,DRAW_STROKE_0,0,615,1,0.4918701298701299,-0.015272727272727266,0.201
779,DRAW_STROKE_0,0,616,1,0.4915064935064935,-0.013922077922077917,0.201
780,DRAW_STROKE_0,0,617,1,0.49114285714285716,-0.012571428571428567,0.201
781,DRAW_STROKE_0,0,618,1,0.49053968253968255,-0.011333333333333329,0.201
782,DRAW_STROKE_0,0,619,1,0.48993650793650795,-0.010095238095238091,0.201
783,DRAW_STROKE_0,0,620,1,0.48933333333333334,-0.008857142857142855,0.201
784,DRAW_STROKE_0,0,621,1,0.48913227513227514,-0.008444444444444442,0.201
785,DRAW_STROKE_0,0,622,1,0.48893121693121694,-0.00803174603174603,0.201
786,DRAW_STROKE_0,0,623,1,0.48873015873015874,-0.007619047619047617,0.201
787,DRAW_STROKE_0,0,624,1,0.48852910052910054,-0.007206349206349205,0.201
788,DRAW_STROKE_0,0,625,1,0.48832804232804233,-0.006793650793650792,0.201
789,DRAW_STROKE_0,0,626,1,0.48812698412698413,-0.0063809523809523795,0.201
790,DRAW_STROKE_0,0,627,1,0.48792592592592593,-0.005968253968253967,0.201
791,DRAW_STROKE_0,0,628,1,0.48772486772486773,-0.005555555555555555,0.201
792,DRAW_STROKE_0,0,629,1,0.4875238095238095,-0.005142857142857143,0.201
793,DRAW_STROKE_0,0,630,1,0.4873227513227513,-0.004730158730158729,0.201
794,DRAW_STROKE_0,0,631,1,0.4871216931216931,-0.004317460317460317,0.201
795,DRAW_STROKE_0,0,632,1,0.4869206349206349,-0.003904761904761904,0.201
796,DRAW_STROKE_0,0,633,1,0.4867195767195767,-0.003492063492063492,0.201
797,DRAW_STROKE_0,0,634,1,0.4865185185185185,-0.00307936507936508,0.201
798,DRAW_STROKE_0,0,635,1,0.4863174603174603,-0.002666666666666668,0.201
799,DRAW_STROKE_0,0,636,1,0.4861164021164021,-0.002253968253968255,0.201
800,DRAW_STROKE_0,0,637,1,0.4859153439153439,-0.0018412698412698428,0.201
801,DRAW_STROKE_0,0,638,1,0.4857142857142857,-0.00142857142857143,0.201
802,DRAW_STROKE_0,0,639,1,0.48585034013605444,-0.0009523809523809538,0.201
803,DRAW_STROKE_0,0,640,1,0.4859863945578231,-0.0004761904761904775,0.201
804,DRAW_STROKE_0,0,641,1,0.48612244897959184,-1.0842021724855044e-18,0.201
805,DRAW_STROKE_0,0,642,1,0.48625850340136056,0.0004761904761904751,0.201
806,DRAW_STROKE_0,0,643,1,0.48639455782312924,0.0009523809523809513,0.201
807,DRAW_STROKE_0,0,644,1,0.48653061224489796,0.0014285714285714275,0.201
808,DRAW_STROKE_0,0,645,1,0.4866666666666667,0.0019047619047619037,0.201
809,DRAW_STROKE_0,0,646,1,0.48680272108843536,0.00238095238095238,0.201
810,DRAW_STROKE_0,0,647,1,0.4869387755102041,0.0028571428571428563,0.201
811,DRAW_STROKE_0,0,648,1,0.4870748299319728,0.0033333333333333327,0.201
812,DRAW_STROKE_0,0,649,1,0.4872108843537415,0.0038095238095238087,0.201
813,DRAW_STROKE_0,0,650,1,0.4873469387755102,0.004285714285714285,0.201
814,DRAW_STROKE_0,0,651,1,0.48748299319727895,0.0047619047619047615,0.201
815,DRAW_STROKE_0,0,652,1,0.4876190476190476,0.005238095238095237,0.201
816,DRAW_STROKE_0,0,653,1,0.48775510204081635,0.005714285714285713,0.201
817,DRAW_STROKE_0,0,654,1,0.4878911564625851,0.00619047619047619,0.201
818,DRAW_STROKE_0,0,655,1,0.48802721088435375,0.006666666666666665,0.201
819,DRAW_STROKE_0,0,656,1,0.4881632653061225,0.007142857142857142,0.201
820,DRAW_STROKE_0,0,657,1,0.4882993197278912,0.007619047619047618,0.201
821,DRAW_STROKE_0,0,658,1,0.4884353741496599,0.008095238095238095,0.201
822,DRAW_STROKE_0,0,659,1,0.4885714285714286,0.00857142857142857,0.201
823,DRAW_STROKE_0,0,660,1,0.4889115646258504,0.008299319727891155,0.201
824,DRAW_STROKE_0,0,661,1,0.48925170068027213,0.008027210884353741,0.201
825,DRAW_STROKE_0,0,662,1,0.4895918367346939,0.007755102040816326,0.201
826,DRAW_STROKE_0,0,663,1,0.48993197278911566,0.007482993197278911,0.201
827,DRAW_STROKE_0,0,664,1,0.49027210884353745,0.007210884353741496,0.201
828,DRAW_STROKE_0,0,665,1,0.4906122448979592,0.0069387755102040816,0.201
829,DRAW_STROKE_0,0,666,1,0.490952380952381,0.006666666666666667,0.201
830,DRAW_STROKE_0,0,667,1,0.4912925170068027,0.006394557823129252,0.201
831,DRAW_STROKE_0,0,668,1,0.4916326530612245,0.006122448979591837,0.201
832,DRAW_STROKE_0,0,669,1,0.4919727891156463,0.005850340136054423,0.201
833,DRAW_STROKE_0,0,670,1,0.492312925170068,0.0055782312925170075,0.201
834,DRAW_STROKE_0,0,671,1,0.4926530612244898,0.005306122448979593,0.201
835,DRAW_STROKE_0,0,672,1,0.4929931972789116,0.005034013605442178,0.201
836,DRAW_STROKE_0,0,673,1,0.49333333333333335,0.004761904761904763,0.201
837,DRAW_STROKE_0,0,674,1,0.49367346938775514,0.004489795918367348,0.201
838,DRAW_STROKE_0,0,675,1,0.4940136054421769,0.004217687074829933,0.201
839,DRAW_STROKE_0,0,676,1,0.49435374149659866,0.003945578231292518,0.201
840,DRAW_STROKE_0,0,677,1,0.4946938775510204,0.0036734693877551036,0.201
841,DRAW_STROKE_0,0,678,1,0.4950340136054422,0.0034013605442176887,0.201
842,DRAW_STROKE_0,0,679,1,0.4953741496598639,0.003129251700680274,0.201
843,DRAW_STROKE_0,0,680,1,0.4957142857142857,0.0028571428571428593,0.201
844,DRAW_STROKE_0,0,681,1,0.49607142857142855,0.0031547619047619067,0.201
845,DRAW_STROKE_0,0,682,1,0.49642857142857144,0.003452380952380954,0.201
846,DRAW_STROKE_0,0,683,1,0.4967857142857143,0.003750000000000002,0.201
847,DRAW_STROKE_0,0,684,1,0.49714285714285716,0.00404761904761905,0.201
848,DRAW_STROKE_0,0,685,1,0.4975,0.004345238095238097,0.201
849,DRAW_STROKE_0,0,686,1,0.4978571428571429,0.004642857142857145,0.201
850,DRAW_STROKE_0,0,687,1,0.4982142857142857,0.004940476190476192,0.201
851,DRAW_STROKE_0,0,688,1,0.4985714285714286,0.00523809523809524,0.201
852,DRAW_STROKE_0,0,689,1,0.49892857142857144,0.005535714285714287,0.201
853,DRAW_STROKE_0,0,690,1,0.4992857142857143,0.0058333333333333345,0.201
854,DRAW_STROKE_0,0,691,1,0.49964285714285717,0.006130952380952382,0.201
855,DRAW_STROKE_0,0,692,1,0.5,0.006428571428571429,0.201
856,DRAW_STROKE_0,0,693,1,0.5003571428571428,0.006726190476190477,0.201
857,DRAW_STROKE_0,0,694,1,0.5007142857142858,0.007023809523809525,0.201
858,DRAW_STROKE_0,0,695,1,0.5010714285714286,0.0073214285714285725,0.201
859,DRAW_STROKE_0,0,696,1,0.5014285714285714,0.00761904761904762,0.201
860,DRAW_STROKE_0,0,697,1,0.5017857142857144,0.007916666666666667,0.201
861,DRAW_STROKE_0,0,698,1,0.5021428571428572,0.008214285714285716,0.201
862,DRAW_STROKE_0,0,699,1,0.5025000000000001,0.008511904761904764,0.201
863,DRAW_STROKE_0,0,700,1,0.5028571428571429,0.00880952380952381,0.201
864,DRAW_STROKE_0,0,701,1,0.5032142857142857,0.009107142857142859,0.201
865,DRAW_STROKE_0,0,702,1,0.5035714285714286,0.009404761904761905,0.201
866,DRAW_STROKE_0,0,703,1,0.5039285714285715,0.009702380952380954,0.201
867,DRAW_STROKE_0,0,704,1,0.5042857142857143,0.01,0.201
868,DRAW_STROKE_0,0,705,1,0.5044329004329005,0.010432900432900433,0.201
869,DRAW_STROKE_0,0,706,1,0.5045800865800867,0.010865800865800867,0.201
870,DRAW_STROKE_0,0,707,1,0.5047272727272728,0.0112987012987013,0.201
871,DRAW_STROKE_0,0,708,1,0.5048744588744589,0.011731601731601732,0.201
872,DRAW_STROKE_0,0,709,1,0.505021645021645,0.012164502164502164,0.201
873,DRAW_STROKE_0,0,710,1,0.5051688311688312,0.012597402597402597,0.201
874,DRAW_STROKE_0,0,711,1,0.5053160173160173,0.01303030303030303,0.201
875,DRAW_STROKE_0,0,712,1,0.5054632034632035,0.013463203463203463,0.201
876,DRAW_STROKE_0,0,713,1,0.5056103896103896,0.013896103896103896,0.201
877,DRAW_STROKE_0,0,714,1,0.5057575757575757,0.014329004329004328,0.201
878,DRAW_STROKE_0,0,715,1,0.505904761904762,0.014761904761904763,0.201
879,DRAW_STROKE_0,0,716,1,0.5060519480519481,0.015194805194805195,0.201
880,DRAW_STROKE_0,0,717,1,0.5061991341991342,0.01562770562770563,0.201
881,DRAW_STROKE_0,0,718,1,0.5063463203463204,0.01606060606060606,0.201
882,DRAW_STROKE_0,0,719,1,0.5064935064935066,0.016493506493506494,0.201
883,DRAW_STROKE_0,0,720,1,0.5066406926406927,0.016926406926406925,0.201
884,DRAW_STROKE_0,0,721,1,0.5067878787878788,0.01735930735930736,0.201
885,DRAW_STROKE_0,0,722,1,0.5069350649350649,0.01779220779220779,0.201
886,DRAW_STROKE_0,0,723,1,0.5073766233766234,0.01909090909090909,0.201
887,DRAW_STROKE_0,0,724,1,0.5078181818181818,0.020389610389610388,0.201
888,DRAW_STROKE_0,0,725,1,0.5082597402597403,0.021688311688311687,0.201
889,DRAW_STROKE_0,0,726,1,0.5087012987012987,0.022987012987012986,0.201
890,DRAW_STROKE_0,0,727,1,0.5091428571428571,0.024285714285714285,0.201
891,DRAW_STROKE_0,0,728,1,0.5092571428571429,0.025657142857142858,0.201
892,DRAW_STROKE_0,0,729,1,0.5093714285714286,0.02702857142857143,0.201
893,DRAW_STROKE_0,0,730,1,0.5094857142857143,0.028399999999999998,0.201
894,DRAW_STROKE_0,0,731,1,0.5096,0.02977142857142857,0.201
895,DRAW_STROKE_0,0,732,1,0.5097142857142858,0.031142857142857142,0.201
896,DRAW_STROKE_0,0,733,1,0.5098285714285714,0.03251428571428571,0.201
897,DRAW_STROKE_0,0,734,1,0.5099428571428571,0.03388571428571428,0.201
898,DRAW_STROKE_0,0,735,1,0.5100571428571429,0.035257142857142855,0.201
899,DRAW_STROKE_0,0,736,1,0.5101714285714286,0.03662857142857143,0.201
900,DRAW_STROKE_0,0,737,1,0.5102857142857143,0.038,0.201
901,DRAW_STROKE_0,0,738,1,0.509936507936508,0.03933333333333333,0.201
902,DRAW_STROKE_0,0,739,1,0.5095873015873016,0.04066666666666666,0.201
903,DRAW_STROKE_0,0,740,1,0.5092380952380953,0.041999999999999996,0.201
904,DRAW_STROKE_0,0,741,1,0.5091216931216932,0.04244444444444444,0.201
905,DRAW_STROKE_0,0,742,1,0.509005291005291,0.042888888888888886,0.201
906,DRAW_STROKE_0,0,743,1,0.508888888888889,0.04333333333333333,0.201
907,DRAW_STROKE_0,0,744,1,0.5087724867724868,0.04377777777777778,0.201
908,DRAW_STROKE_0,0,745,1,0.5086560846560847,0.04422222222222222,0.201
909,DRAW_STROKE_0,0,746,1,0.5085396825396825,0.04466666666666667,0.201
910,DRAW_STROKE_0,0,747,1,0.5084232804232804,0.04511111111111111,0.201
911,DRAW_STROKE_0,0,748,1,0.5083068783068783,0.04555555555555556,0.201
912,DRAW_STROKE_0,0,749,1,0.5081904761904762,0.046,0.201
913,DRAW_STROKE_0,0,750,1,0.5080740740740741,0.04644444444444444,0.201
914,DRAW_STROKE_0,0,751,1,0.5079576719576719,0.04688888888888889,0.201
915,DRAW_STROKE_0,0,752,1,0.5078412698412699,0.04733333333333333,0.201
916,DRAW_STROKE_0,0,753,1,0.5077248677248677,0.04777777777777777,0.201
917,DRAW_STROKE_0,0,754,1,0.5076084656084656,0.04822222222222222,0.201
918,DRAW_STROKE_0,0,755,1,0.5074920634920634,0.048666666666666664,0.201
919,DRAW_STROKE_0,0,756,1,0.5073756613756614,0.049111111111111105,0.201
920,DRAW_STROKE_0,0,757,1,0.5072592592592592,0.049555555555555554,0.201
921,DRAW_STROKE_0,0,758,1,0.5071428571428571,0.049999999999999996,0.201
922,DRAW_STROKE_0,0,759,1,0.5067857142857143,0.05029761904761904,0.201
923,DRAW_STROKE_0,0,760,1,0.5064285714285713,0.050595238095238096,0.201
924,DRAW_STROKE_0,0,761,1,0.5060714285714285,0.05089285714285714,0.201
925,DRAW_STROKE_0,0,762,1,0.5057142857142857,0.05119047619047619,0.201
926,DRAW_STROKE_0,0,763,1,0.5053571428571428,0.051488095238095236,0.201
927,DRAW_STROKE_0,0,764,1,0.505,0.05178571428571428,0.201
928,DRAW_STROKE_0,0,765,1,0.5046428571428572,0.05208333333333333,0.201
929,DRAW_STROKE_0,0,766,1,0.5042857142857142,0.052380952380952375,0.201
930,DRAW_STROKE_0,0,767,1,0.5039285714285714,0.05267857142857142,0.201
931,DRAW_STROKE_0,0,768,1,0.5035714285714286,0.05297619047619047,0.201
932,DRAW_STROKE_0,0,769,1,0.5032142857142857,0.05327380952380952,0.201
933,DRAW_STROKE_0,0,770,1,0.5028571428571429,0.05357142857142857,0.201
934,DRAW_STROKE_0,0,771,1,0.5025000000000001,0.053869047619047615,0.201
935,DRAW_STROKE_0,0,772,1,0.5021428571428571,0.05416666666666667,0.201
936,DRAW_STROKE_0,0,773,1,0.5017857142857143,0.054464285714285715,0.201
937,DRAW_STROKE_0,0,774,1,0.5014285714285714,0.05476190476190476,0.201
938,DRAW_STROKE_0,0,775,1,0.5010714285714285,0.05505952380952381,0.201
939,DRAW_STROKE_0,0,776,1,0.5007142857142857,0.055357142857142855,0.201
940,DRAW_STROKE_0,0,777,1,0.5003571428571428,0.0556547619047619,0.201
941,DRAW_STROKE_0,0,778,1,0.49999999999999994,0.05595238095238095,0.201
942,DRAW_STROKE_0,0,779,1,0.4996428571428571,0.056249999999999994,0.201
943,DRAW_STROKE_0,0,780,1,0.4992857142857143,0.05654761904761904,0.201
944,DRAW_STROKE_0,0,781,1,0.4989285714285714,0.056845238095238095,0.201
945,DRAW_STROKE_0,0,782,1,0.49857142857142855,0.05714285714285714,0.201
946,DRAW_STROKE_0,0,783,1,0.49813095238095234,0.05701190476190476,0.201
947,DRAW_STROKE_0,0,784,1,0.4976904761904762,0.05688095238095238,0.201
948,DRAW_STROKE_0,0,785,1,0.49724999999999997,0.056749999999999995,0.201
949,DRAW_STROKE_0,0,786,1,0.49680952380952376,0.05661904761904762,0.201
950,DRAW_STROKE_0,0,787,1,0.4963690476190476,0.05648809523809523,0.201
951,DRAW_STROKE_0,0,788,1,0.4959285714285714,0.056357142857142856,0.201
952,DRAW_STROKE_0,0,789,1,0.4954880952380952,0.05622619047619048,0.201
953,DRAW_STROKE_0,0,790,1,0.495047619047619,0.056095238095238094,0.201
954,DRAW_STROKE_0,0,791,1,0.49460714285714286,0.055964285714285716,0.201
955,DRAW_STROKE_0,0,792,1,0.49416666666666664,0.05583333333333333,0.201
956,DRAW_STROKE_0,0,793,1,0.4937261904761905,0.055702380952380955,0.201
957,DRAW_STROKE_0,0,794,1,0.49328571428571427,0.05557142857142857,0.201
958,DRAW_STROKE_0,0,795,1,0.49284523809523806,0.055440476190476186,0.201
959,DRAW_STROKE_0,0,796,1,0.4924047619047619,0.05530952380952381,0.201
960,DRAW_STROKE_0,0,797,1,0.4919642857142857,0.055178571428571424,0.201
961,DRAW_STROKE_0,0,798,1,0.49152380952380953,0.05504761904761905,0.201
962,DRAW_STROKE_0,0,799,1,0.4910833333333333,0.05491666666666666,0.201
963,DRAW_STROKE_0,0,800,1,0.49064285714285716,0.054785714285714285,0.201
964,DRAW_STROKE_0,0,801,1,0.4893214285714286,0.054392857142857146,0.201
965,DRAW_STROKE_0,0,802,1,0.488,0.054,0.201
966,DRAW_STROKE_0,0,803,1,0.4875555555555555,0.05377777777777778,0.201
967,DRAW_STROKE_0,0,804,1,0.4871111111111111,0.05355555555555555,0.201
968,DRAW_STROKE_0,0,805,1,0.48666666666666664,0.05333333333333333,0.201
969,DRAW_STROKE_0,0,806,1,0.4862222222222222,0.05311111111111111,0.201
970,DRAW_STROKE_0,0,807,1,0.48577777777777775,0.05288888888888889,0.201
971,DRAW_STROKE_0,0,808,1,0.48533333333333334,0.05266666666666667,0.201
972,DRAW_STROKE_0,0,809,1,0.48488888888888887,0.052444444444444446,0.201
973,DRAW_STROKE_0,0,810,1,0.48444444444444446,0.05222222222222222,0.201
974,DRAW_STROKE_0,0,811,1,0.484,0.052,0.201
975,DRAW_STROKE_0,0,812,1,0.4835555555555555,0.05177777777777778,0.201
976,DRAW_STROKE_0,0,813,1,0.4831111111111111,0.05155555555555555,0.201
977,DRAW_STROKE_0,0,814,1,0.48266666666666663,0.05133333333333333,0.201
978,DRAW_STROKE_0,0,815,1,0.4822222222222222,0.05111111111111111,0.201
979,DRAW_STROKE_0,0,816,1,0.48177777777777775,0.050888888888888886,0.201
980,DRAW_STROKE_0,0,817,1,0.48133333333333334,0.050666666666666665,0.201
981,DRAW_STROKE_0,0,818,1,0.48088888888888887,0.050444444444444445,0.201
982,DRAW_STROKE_0,0,819,1,0.48044444444444445,0.05022222222222222,0.201
983,DRAW_STROKE_0,0,820,1,0.48,0.049999999999999996,0.201
984,DRAW_STROKE_0,0,821,1,0.4796598639455782,0.050340136054421766,0.201
985,DRAW_STROKE_0,0,822,1,0.47931972789115646,0.05068027210884353,0.201
986,DRAW_STROKE_0,0,823,1,0.47897959183673466,0.0510204081632653,0.201
987,DRAW_STROKE_0,0,824,1,0.47863945578231293,0.05136054421768707,0.201
988,DRAW_STROKE_0,0,825,1,0.47829931972789114,0.05170068027210884,0.201
989,DRAW_STROKE_0,0,826,1,0.4779591836734694,0.05204081632653061,0.201
990,DRAW_STROKE_0,0,827,1,0.4776190476190476,0.05238095238095238,0.201
991,DRAW_STROKE_0,0,828,1,0.4772789115646259,0.052721088435374146,0.201
992,DRAW_STROKE_0,0,829,1,0.4769387755102041,0.053061224489795916,0.201
993,DRAW_STROKE_0,0,830,1,0.4765986394557823,0.05340136054421769,0.201
994,DRAW_STROKE_0,0,831,1,0.47625850340136056,0.05374149659863945,0.201
995,DRAW_STROKE_0,0,832,1,0.47591836734693876,0.05408163265306122,0.201
996,DRAW_STROKE_0,0,833,1,0.475578231292517,0.05442176870748299,0.201
997,DRAW_STROKE_0,0,834,1,0.47523809523809524,0.054761904761904755,0.201
998,DRAW_STROKE_0,0,835,1,0.47489795918367345,0.055102040816326525,0.201
999,DRAW_STROKE_0,0,836,1,0.4745578231292517,0.055442176870748296,0.201
1000,DRAW_STROKE_0,0,837,1,0.4742176870748299,0.055782312925170066,0.201
1001,DRAW_STROKE_0,0,838,1,0.4738775510204082,0.05612244897959184,0.201
1002,DRAW_STROKE_0,0,839,1,0.4735374149659864,0.05646258503401361,0.201
1003,DRAW_STROKE_0,0,840,1,0.47319727891156466,0.05680272108843537,0.201
1004,DRAW_STROKE_0,0,841,1,0.47285714285714286,0.05714285714285714,0.201
1005,DRAW_STROKE_0,0,842,1,0.4723809523809524,0.05726190476190476,0.201
1006,DRAW_STROKE_0,0,843,1,0.4719047619047619,0.05738095238095238,0.201
1007,DRAW_STROKE_0,0,844,1,0.4714285714285714,0.057499999999999996,0.201
1008,DRAW_STROKE_0,0,845,1,0.47095238095238096,0.05761904761904762,0.201
1009,DRAW_STROKE_0,0,846,1,0.47047619047619044,0.057738095238095234,0.201
1010,DRAW_STROKE_0,0,847,1,0.47,0.05785714285714286,0.201
1011,DRAW_STROKE_0,0,848,1,0.4695238095238095,0.05797619047619048,0.201
1012,DRAW_STROKE_0,0,849,1,0.46904761904761905,0.058095238095238096,0.201
1013,DRAW_STROKE_0,0,850,1,0.4685714285714286,0.05821428571428572,0.201
1014,DRAW_STROKE_0,0,851,1,0.4680952380952381,0.058333333333333334,0.201
1015,DRAW_STROKE_0,0,852,1,0.4676190476190476,0.05845238095238096,0.201
1016,DRAW_STROKE_0,0,853,1,0.46714285714285714,0.05857142857142857,0.201
1017,DRAW_STROKE_0,0,854,1,0.4666666666666667,0.05869047619047619,0.201
1018,DRAW_STROKE_0,0,855,1,0.46619047619047616,0.05880952380952381,0.201
1019,DRAW_STROKE_0,0,856,1,0.4657142857142857,0.05892857142857143,0.201
1020,DRAW_STROKE_0,0,857,1,0.46523809523809523,0.05904761904761905,0.201
1021,DRAW_STROKE_0,0,858,1,0.46476190476190476,0.059166666666666666,0.201
1022,DRAW_STROKE_0,0,859,1,0.4642857142857143,0.05928571428571429,0.201
1023,DRAW_STROKE_0,0,860,1,0.46380952380952384,0.05940476190476191,0.201
1024,DRAW_STROKE_0,0,861,1,0.4633333333333333,0.05952380952380953,0.201
1025,DRAW_STROKE_0,0,862,1,0.46285714285714286,0.05964285714285715,0.201
1026,DRAW_STROKE_0,0,863,1,0.4623809523809524,0.059761904761904766,0.201
1027,DRAW_STROKE_0,0,864,1,0.4619047619047619,0.05988095238095239,0.201
1028,DRAW_STROKE_0,0,865,1,0.4614285714285714,0.060000000000000005,0.201
1029,DRAW_STROKE_0,0,866,1,0.461005291005291,0.05984126984126985,0.201
1030,DRAW_STROKE_0,0,867,1,0.4605820105820106,0.059682539682539684,0.201
1031,DRAW_STROKE_0,0,868,1,0.46015873015873016,0.05952380952380953,0.201
1032,DRAW_STROKE_0,0,869,1,0.4597354497354497,0.05936507936507937,0.201
1033,DRAW_STROKE_0,0,870,1,0.45931216931216934,0.05920634920634921,0.201
1034,DRAW_STROKE_0,0,871,1,0.4588888888888889,0.05904761904761905,0.201
1035,DRAW_STROKE_0,0,872,1,0.45846560846560847,0.05888888888888889,0.201
1036,DRAW_STROKE_0,0,873,1,0.45804232804232803,0.05873015873015873,0.201
1037,DRAW_STROKE_0,0,874,1,0.4576190476190476,0.05857142857142857,0.201
1038,DRAW_STROKE_0,0,875,1,0.45719576719576716,0.058412698412698416,0.201
1039,DRAW_STROKE_0,0,876,1,0.4567724867724868,0.05825396825396825,0.201
1040,DRAW_STROKE_0,0,877,1,0.45634920634920634,0.058095238095238096,0.201
1041,DRAW_STROKE_0,0,878,1,0.4559259259259259,0.05793650793650794,0.201
1042,DRAW_STROKE_0,0,879,1,0.4555026455026455,0.05777777777777778,0.201
1043,DRAW_STROKE_0,0,880,1,0.4550793650793651,0.057619047619047625,0.201
1044,DRAW_STROKE_0,0,881,1,0.45465608465608465,0.05746031746031747,0.201
1045,DRAW_STROKE_0,0,882,1,0.45423280423280427,0.057301587301587305,0.201
1046,DRAW_STROKE_0,0,883,1,0.45380952380952383,0.05714285714285715,0.201
1047,DRAW_STROKE_0,0,884,1,0.4525396825396825,0.05666666666666667,0.201
1048,DRAW_STROKE_0,0,885,1,0.45126984126984127,0.05619047619047619,0.201
1049,DRAW_STROKE_0,0,886,1,0.45,0.055714285714285716,0.201
1050,LIFT_PEN_STROKE_0,0,0,0,0.45,0.055714285714285716,0.20247826086956522
1051,LIFT_PEN_STROKE_0,0,1,0,0.45,0.055714285714285716,0.20395652173913045
1052,LIFT_PEN_STROKE_0,0,2,0,0.45,0.055714285714285716,0.20543478260869566
1053,LIFT_PEN_STROKE_0,0,3,0,0.45,0.055714285714285716,0.20691304347826087
1054,LIFT_PEN_STROKE_0,0,4,0,0.45,0.055714285714285716,0.2083913043478261
1055,LIFT_PEN_STROKE_0,0,5,0,0.45,0.055714285714285716,0.2098695652173913
1056,LIFT_PEN_STROKE_0,0,6,0,0.45,0.055714285714285716,0.21134782608695651
1057,LIFT_PEN_STROKE_0,0,7,0,0.45,0.055714285714285716,0.21282608695652175
1058,LIFT_PEN_STROKE_0,0,8,0,0.45,0.055714285714285716,0.21430434782608695
1059,LIFT_PEN_STROKE_0,0,9,0,0.45,0.055714285714285716,0.21578260869565216
1060,LIFT_PEN_STROKE_0,0,10,0,0.45,0.055714285714285716,0.2172608695652174
1061,LIFT_PEN_STROKE_0,0,11,0,0.45,0.055714285714285716,0.2187391304347826
1062,LIFT_PEN_STROKE_0,0,12,0,0.45,0.055714285714285716,0.2202173913043478
1063,LIFT_PEN_STROKE_0,0,13,0,0.45,0.055714285714285716,0.22169565217391304
1064,LIFT_PEN_STROKE_0,0,14,0,0.45,0.055714285714285716,0.22317391304347825
1065,LIFT_PEN_STROKE_0,0,15,0,0.45,0.055714285714285716,0.22465217391304348
1066,LIFT_PEN_STROKE_0,0,16,0,0.45,0.055714285714285716,0.2261304347826087
1067,LIFT_PEN_STROKE_0,0,17,0,0.45,0.055714285714285716,0.2276086956521739
1068,LIFT_PEN_STROKE_0,0,18,0,0.45,0.055714285714285716,0.22908695652173913
1069,LIFT_PEN_STROKE_0,0,19,0,0.45,0.055714285714285716,0.23056521739130434
1070,LIFT_PEN_STROKE_0,0,20,0,0.45,0.055714285714285716,0.23204347826086955
1071,LIFT_PEN_STROKE_0,0,21,0,0.45,0.055714285714285716,0.23352173913043478
1072,LIFT_PEN_STROKE_0,0,22,0,0.45,0.055714285714285716,0.235
1073,MOVE_TO_STROKE_1,1,0,0,0.45,0.055714285714285716,0.23645833333333333
1074,MOVE_TO_STROKE_1,1,1,0,0.45,0.055714285714285716,0.23791666666666667
1075,MOVE_TO_STROKE_1,1,2,0,0.45,0.055714285714285716,0.239375
1076,MOVE_TO_STROKE_1,1,3,0,0.45,0.055714285714285716,0.24083333333333332
1077,MOVE_TO_STROKE_1,1,4,0,0.45,0.055714285714285716,0.24229166666666666
1078,MOVE_TO_STROKE_1,1,5,0,0.45,0.055714285714285716,0.24375
1079,MOVE_TO_STROKE_1,1,6,0,0.45,0.055714285714285716,0.24520833333333333
1080,MOVE_TO_STROKE_1,1,7,0,0.45,0.055714285714285716,0.24666666666666667
1081,MOVE_TO_STROKE_1,1,8,0,0.45,0.055714285714285716,0.24812499999999998
1082,MOVE_TO_STROKE_1,1,9,0,0.45,0.055714285714285716,0.24958333333333332
1083,MOVE_TO_STROKE_1,1,10,0,0.45,0.055714285714285716,0.25104166666666666
1084,MOVE_TO_STROKE_1,1,11,0,0.45,0.055714285714285716,0.2525
1085,MOVE_TO_STROKE_1,1,12,0,0.45,0.055714285714285716,0.25395833333333334
1086,MOVE_TO_STROKE_1,1,13,0,0.45,0.055714285714285716,0.2554166666666667
1087,MOVE_TO_STROKE_1,1,14,0,0.45,0.055714285714285716,0.256875
1088,MOVE_TO_STROKE_1,1,15,0,0.45,0.055714285714285716,0.25833333333333336
1089,MOVE_TO_STROKE_1,1,16,0,0.45,0.055714285714285716,0.2597916666666667
1090,MOVE_TO_STROKE_1,1,17,0,0.45,0.055714285714285716,0.26125
1091,MOVE_TO_STROKE_1,1,18,0,0.45,0.055714285714285716,0.2627083333333333
1092,MOVE_TO_STROKE_1,1,19,0,0.45,0.055714285714285716,0.26416666666666666
1093,MOVE_TO_STROKE_1,1,20,0,0.45,0.055714285714285716,0.265625
1094,MOVE_TO_STROKE_1,1,21,0,0.45,0.055714285714285716,0.26708333333333334
1095,MOVE_TO_STROKE_1,1,22,0,0.45,0.055714285714285716,0.2685416666666667
1096,MOVE_TO_STROKE_1,1,23,0,0.45,0.055714285714285716,0.27
1097,MOVE_TO_STROKE_1,1,24,0,0.448956043956044,0.05467032967032967,0.27
1098,MOVE_TO_STROKE_1,1,25,0,0.4479120879120879,0.053626373626373625,0.27
1099,MOVE_TO_STROKE_1,1,26,0,0.4468681318681319,0.052582417582417586,0.27
1100,MOVE_TO_STROKE_1,1,27,0,0.44582417582417583,0.05153846153846154,0.27
1101,MOVE_TO_STROKE_1,1,28,0,0.4447802197802198,0.050494505494505494,0.27
1102,MOVE_TO_STROKE_1,1,29,0,0.44373626373626374,0.049450549450549455,0.27
1103,MOVE_TO_STROKE_1,1,30,0,0.4426923076923077,0.04840659340659341,0.27
1104,MOVE_TO_STROKE_1,1,31,0,0.44164835164835164,0.047362637362637364,0.27
1105,MOVE_TO_STROKE_1,1,32,0,0.4406043956043956,0.04631868131868132,0.27
1106,MOVE_TO_STROKE_1,1,33,0,0.43956043956043955,0.04527472527472527,0.27
1107,MOVE_TO_STROKE_1,1,34,0,0.43851648351648354,0.04423076923076923,0.27
1108,MOVE_TO_STROKE_1,1,35,0,0.43747252747252746,0.04318681318681319,0.27
1109,MOVE_TO_STROKE_1,1,36,0,0.43642857142857144,0.04214285714285714,0.27
1110,MOVE_TO_STROKE_1,1,37,0,0.4353846153846154,0.0410989010989011,0.27
1111,MOVE_TO_STROKE_1,1,38,0,0.43434065934065935,0.04005494505494506,0.27
1112,MOVE_TO_STROKE_1,1,39,0,0.43329670329670333,0.03901098901098901,0.27
1113,MOVE_TO_STROKE_1,1,40,0,0.43225274725274726,0.037967032967032965,0.27
1114,MOVE_TO_STROKE_1,1,41,0,0.43120879120879124,0.03692307692307692,0.27
1115,MOVE_TO_STROKE_1,1,42,0,0.43016483516483517,0.03587912087912088,0.27
1116,MOVE_TO_STROKE_1,1,43,0,0.42912087912087915,0.034835164835164835,0.27
1117,MOVE_TO_STROKE_1,1,44,0,0.4280769230769231,0.03379120879120879,0.27
1118,MOVE_TO_STROKE_1,1,45,0,0.42703296703296706,0.03274725274725275,0.27
1119,MOVE_TO_STROKE_1,1,46,0,0.425989010989011,0.031703296703296704,0.27
1120,MOVE_TO_STROKE_1,1,47,0,0.42494505494505497,0.03065934065934066,0.27
1121,MOVE_TO_STROKE_1,1,48,0,0.4239010989010989,0.029615384615384613,0.27
1122,MOVE_TO_STROKE_1,1,49,0,0.4228571428571429,0.02857142857142857,0.27
1123,LOWER_PEN_STROKE_1,1,0,0,0.4228571428571429,0.02857142857142857,0.2685
1124,LOWER_PEN_STROKE_1,1,1,0,0.4228571428571429,0.02857142857142857,0.267
1125,LOWER_PEN_STROKE_1,1,2,0,0.4228571428571429,0.02857142857142857,0.2655
1126,LOWER_PEN_STROKE_1,1,3,0,0.4228571428571429,0.02857142857142857,0.264
1127,LOWER_PEN_STROKE_1,1,4,0,0.4228571428571429,0.02857142857142857,0.2625
1128,LOWER_PEN_STROKE_1,1,5,0,0.4228571428571429,0.02857142857142857,0.261
1129,LOWER_PEN_STROKE_1,1,6,0,0.4228571428571429,0.02857142857142857,0.2595
1130,LOWER_PEN_STROKE_1,1,7,0,0.4228571428571429,0.02857142857142857,0.258
1131,LOWER_PEN_STROKE_1,1,8,0,0.4228571428571429,0.02857142857142857,0.2565
1132,LOWER_PEN_STROKE_1,1,9,0,0.4228571428571429,0.02857142857142857,0.255
1133,LOWER_PEN_STROKE_1,1,10,0,0.4228571428571429,0.02857142857142857,0.2535
1134,LOWER_PEN_STROKE_1,1,11,0,0.4228571428571429,0.02857142857142857,0.252
1135,LOWER_PEN_STROKE_1,1,12,0,0.4228571428571429,0.02857142857142857,0.2505
1136,LOWER_PEN_STROKE_1,1,13,0,0.4228571428571429,0.02857142857142857,0.249
1137,LOWER_PEN_STROKE_1,1,14,0,0.4228571428571429,0.02857142857142857,0.24750000000000003
1138,LOWER_PEN_STROKE_1,1,15,0,0.4228571428571429,0.02857142857142857,0.24600000000000002
1139,LOWER_PEN_STROKE_1,1,16,0,0.4228571428571429,0.02857142857142857,0.24450000000000002
1140,LOWER_PEN_STROKE_1,1,17,0,0.4228571428571429,0.02857142857142857,0.24300000000000002
1141,LOWER_PEN_STROKE_1,1,18,0,0.4228571428571429,0.02857142857142857,0.24150000000000002
1142,LOWER_PEN_STROKE_1,1,19,0,0.4228571428571429,0.02857142857142857,0.24000000000000002
1143,LOWER_PEN_STROKE_1,1,20,0,0.4228571428571429,0.02857142857142857,0.23850000000000002
1144,LOWER_PEN_STROKE_1,1,21,0,0.4228571428571429,0.02857142857142857,0.23700000000000002
1145,LOWER_PEN_STROKE_1,1,22,0,0.4228571428571429,0.02857142857142857,0.23550000000000001
1146,LOWER_PEN_STROKE_1,1,23,0,0.4228571428571429,0.02857142857142857,0.234
1147,LOWER_PEN_STROKE_1,1,24,0,0.4228571428571429,0.02857142857142857,0.2325
1148,LOWER_PEN_STROKE_1,1,25,0,0.4228571428571429,0.02857142857142857,0.231
1149,LOWER_PEN_STROKE_1,1,26,0,0.4228571428571429,0.02857142857142857,0.2295
1150,LOWER_PEN_STROKE_1,1,27,0,0.4228571428571429,0.02857142857142857,0.228
1151,LOWER_PEN_STROKE_1,1,28,0,0.4228571428571429,0.02857142857142857,0.2265
1152,LOWER_PEN_STROKE_1,1,29,0,0.4228571428571429,0.02857142857142857,0.225
1153,LOWER_PEN_STROKE_1,1,30,0,0.4228571428571429,0.02857142857142857,0.2235
1154,LOWER_PEN_STROKE_1,1,31,0,0.4228571428571429,0.02857142857142857,0.22200000000000003
1155,LOWER_PEN_STROKE_1,1,32,0,0.4228571428571429,0.02857142857142857,0.22050000000000003
1156,LOWER_PEN_STROKE_1,1,33,0,0.4228571428571429,0.02857142857142857,0.21900000000000003
1157,LOWER_PEN_STROKE_1,1,34,0,0.4228571428571429,0.02857142857142857,0.21750000000000003
1158,LOWER_PEN_STROKE_1,1,35,0,0.4228571428571429,0.02857142857142857,0.21600000000000003
1159,LOWER_PEN_STROKE_1,1,36,0,0.4228571428571429,0.02857142857142857,0.21450000000000002
1160,LOWER_PEN_STROKE_1,1,37,0,0.4228571428571429,0.02857142857142857,0.21300000000000002
1161,LOWER_PEN_STROKE_1,1,38,0,0.4228571428571429,0.02857142857142857,0.21150000000000002
1162,LOWER_PEN_STROKE_1,1,39,0,0.4228571428571429,0.02857142857142857,0.21000000000000002
1163,LOWER_PEN_STROKE_1,1,40,0,0.4228571428571429,0.02857142857142857,0.20850000000000002
1164,LOWER_PEN_STROKE_1,1,41,0,0.4228571428571429,0.02857142857142857,0.20700000000000002
1165,LOWER_PEN_STROKE_1,1,42,0,0.4228571428571429,0.02857142857142857,0.20550000000000002
1166,LOWER_PEN_STROKE_1,1,43,0,0.4228571428571429,0.02857142857142857,0.20400000000000001
1167,LOWER_PEN_STROKE_1,1,44,0,0.4228571428571429,0.02857142857142857,0.2025
1168,LOWER_PEN_STROKE_1,1,45,0,0.4228571428571429,0.02857142857142857,0.201
1169,DRAW_STROKE_1,1,0,1,0.4228571428571429,0.02857142857142857,0.201
1170,DRAW_STROKE_1,1,1,1,0.42304761904761906,0.02895238095238095,0.201
1171,DRAW_STROKE_1,1,2,1,0.42323809523809525,0.029333333333333333,0.201
1172,DRAW_STROKE_1,1,3,1,0.42342857142857143,0.029714285714285714,0.201
1173,DRAW_STROKE_1,1,4,1,0.4236190476190476,0.030095238095238095,0.201
1174,DRAW_STROKE_1,1,5,1,0.4238095238095238,0.030476190476190473,0.201
1175,DRAW_STROKE_1,1,6,1,0.424,0.030857142857142854,0.201
1176,DRAW_STROKE_1,1,7,1,0.4241904761904762,0.031238095238095235,0.201
1177,DRAW_STROKE_1,1,8,1,0.4243809523809524,0.031619047619047616,0.201
1178,DRAW_STROKE_1,1,9,1,0.4245714285714286,0.031999999999999994,0.201
1179,DRAW_STROKE_1,1,10,1,0.4247619047619048,0.03238095238095238,0.201
1180,DRAW_STROKE_1,1,11,1,0.42495238095238097,0.032761904761904756,0.201
1181,DRAW_STROKE_1,1,12,1,0.42514285714285716,0.03314285714285714,0.201
1182,DRAW_STROKE_1,1,13,1,0.42533333333333334,0.03352380952380952,0.201
1183,DRAW_STROKE_1,1,14,1,0.4255238095238095,0.0339047619047619,0.201
1184,DRAW_STROKE_1,1,15,1,0.4257142857142857,0.03428571428571428,0.201
1185,DRAW_STROKE_1,1,16,1,0.4261904761904762,0.0344047619047619,0.201
1186,DRAW_STROKE_1,1,17,1,0.4266666666666667,0.03452380952380952,0.201
1187,DRAW_STROKE_1,1,18,1,0.42714285714285716,0.03464285714285714,0.201
1188,DRAW_STROKE_1,1,19,1,0.4276190476190476,0.03476190476190476,0.201
1189,DRAW_STROKE_1,1,20,1,0.42809523809523814,0.03488095238095238,0.201
1190,DRAW_STROKE_1,1,21,1,0.4285714285714286,0.034999999999999996,0.201
1191,DRAW_STROKE_1,1,22,1,0.42904761904761907,0.03511904761904761,0.201
1192,DRAW_STROKE_1,1,23,1,0.42952380952380953,0.035238095238095235,0.201
1193,DRAW_STROKE_1,1,24,1,0.43,0.03535714285714285,0.201
1194,DRAW_STROKE_1,1,25,1,0.43047619047619046,0.035476190476190474,0.201
1195,DRAW_STROKE_1,1,26,1,0.430952380952381,0.03559523809523809,0.201
1196,DRAW_STROKE_1,1,27,1,0.43142857142857144,0.03571428571428571,0.201
1197,DRAW_STROKE_1,1,28,1,0.4317142857142857,0.03542857142857143,0.201
1198,DRAW_STROKE_1,1,29,1,0.432,0.03514285714285714,0.201
1199,DRAW_STROKE_1,1,30,1,0.4322857142857143,0.03485714285714286,0.201
1200,DRAW_STROKE_1,1,31,1,0.43257142857142855,0.03457142857142857,0.201
1201,DRAW_STROKE_1,1,32,1,0.4328571428571429,0.03428571428571429,0.201
1202,DRAW_STROKE_1,1,33,1,0.43314285714285716,0.034,0.201
1203,DRAW_STROKE_1,1,34,1,0.43342857142857144,0.03371428571428572,0.201
1204,DRAW_STROKE_1,1,35,1,0.4337142857142857,0.033428571428571426,0.201
1205,DRAW_STROKE_1,1,36,1,0.434,0.03314285714285714,0.201
1206,DRAW_STROKE_1,1,37,1,0.4342857142857143,0.032857142857142856,0.201
1207,DRAW_STROKE_1,1,38,1,0.4345714285714286,0.03257142857142857,0.201
1208,DRAW_STROKE_1,1,39,1,0.4348571428571429,0.032285714285714286,0.201
1209,DRAW_STROKE_1,1,40,1,0.43514285714285716,0.032,0.201
1210,DRAW_STROKE_1,1,41,1,0.43542857142857144,0.031714285714285716,0.201
1211,DRAW_STROKE_1,1,42,1,0.4357142857142857,0.03142857142857143,0.201
1212,DRAW_STROKE_1,1,43,1,0.4357142857142857,0.030952380952380953,0.201
1213,DRAW_STROKE_1,1,44,1,0.4357142857142857,0.030476190476190476,0.201
1214,DRAW_STROKE_1,1,45,1,0.4357142857142857,0.03,0.201
1215,DRAW_STROKE_1,1,46,1,0.4357142857142857,0.02952380952380952,0.201
1216,DRAW_STROKE_1,1,47,1,0.4357142857142857,0.029047619047619048,0.201
1217,DRAW_STROKE_1,1,48,1,0.4357142857142857,0.02857142857142857,0.201
1218,DRAW_STROKE_1,1,49,1,0.4357142857142857,0.028095238095238093,0.201
1219,DRAW_STROKE_1,1,50,1,0.4357142857142857,0.02761904761904762,0.201
1220,DRAW_STROKE_1,1,51,1,0.4357142857142857,0.027142857142857142,0.201
1221,DRAW_STROKE_1,1,52,1,0.4357142857142857,0.026666666666666665,0.201
1222,DRAW_STROKE_1,1,53,1,0.4357142857142857,0.026190476190476188,0.201
1223,DRAW_STROKE_1,1,54,1,0.4357142857142857,0.02571428571428571,0.201
1224,DRAW_STROKE_1,1,55,1,0.43542857142857144,0.025428571428571425,0.201
1225,DRAW_STROKE_1,1,56,1,0.43514285714285716,0.02514285714285714,0.201
1226,DRAW_STROKE_1,1,57,1,0.4348571428571429,0.024857142857142855,0.201
1227,DRAW_STROKE_1,1,58,1,0.4345714285714286,0.02457142857142857,0.201
1228,DRAW_STROKE_1,1,59,1,0.4342857142857143,0.024285714285714285,0.201
1229,DRAW_STROKE_1,1,60,1,0.434,0.024,0.201
1230,DRAW_STROKE_1,1,61,1,0.4337142857142857,0.023714285714285716,0.201
1231,DRAW_STROKE_1,1,62,1,0.43342857142857144,0.023428571428571427,0.201
1232,DRAW_STROKE_1,1,63,1,0.43314285714285716,0.023142857142857142,0.201
1233,DRAW_STROKE_1,1,64,1,0.4328571428571429,0.022857142857142857,0.201
1234,DRAW_STROKE_1,1,65,1,0.43257142857142855,0.022571428571428572,0.201
1235,DRAW_STROKE_1,1,66,1,0.4322857142857143,0.022285714285714287,0.201
1236,DRAW_STROKE_1,1,67,1,0.432,0.022000000000000002,0.201
1237,DRAW_STROKE_1,1,68,1,0.4317142857142857,0.021714285714285717,0.201
1238,DRAW_STROKE_1,1,69,1,0.43142857142857144,0.021428571428571432,0.201
1239,DRAW_STROKE_1,1,70,1,0.430952380952381,0.02154761904761905,0.201
1240,DRAW_STROKE_1,1,71,1,0.43047619047619046,0.02166666666666667,0.201
1241,DRAW_STROKE_1,1,72,1,0.43,0.02178571428571429,0.201
1242,DRAW_STROKE_1,1,73,1,0.42952380952380953,0.02190476190476191,0.201
1243,DRAW_STROKE_1,1,74,1,0.42904761904761907,0.022023809523809525,0.201
1244,DRAW_STROKE_1,1,75,1,0.4285714285714286,0.022142857142857145,0.201
1245,DRAW_STROKE_1,1,76,1,0.42809523809523814,0.022261904761904764,0.201
1246,DRAW_STROKE_1,1,77,1,0.4276190476190476,0.022380952380952383,0.201
1247,DRAW_STROKE_1,1,78,1,0.42714285714285716,0.022500000000000003,0.201
1248,DRAW_STROKE_1,1,79,1,0.4266666666666667,0.022619047619047622,0.201
1249,DRAW_STROKE_1,1,80,1,0.4261904761904762,0.02273809523809524,0.201
1250,DRAW_STROKE_1,1,81,1,0.4257142857142857,0.02285714285714286,0.201
1251,DRAW_STROKE_1,1,82,1,0.4255238095238095,0.02323809523809524,0.201
1252,DRAW_STROKE_1,1,83,1,0.42533333333333334,0.023619047619047623,0.201
1253,DRAW_STROKE_1,1,84,1,0.42514285714285716,0.024000000000000004,0.201
1254,DRAW_STROKE_1,1,85,1,0.42495238095238097,0.024380952380952385,0.201
1255,DRAW_STROKE_1,1,86,1,0.4247619047619048,0.024761904761904763,0.201
1256,DRAW_STROKE_1,1,87,1,0.4245714285714286,0.025142857142857144,0.201
1257,DRAW_STROKE_1,1,88,1,0.4243809523809524,0.025523809523809525,0.201
1258,DRAW_STROKE_1,1,89,1,0.4241904761904762,0.025904761904761906,0.201
1259,DRAW_STROKE_1,1,90,1,0.424,0.026285714285714287,0.201
1260,DRAW_STROKE_1,1,91,1,0.4238095238095238,0.02666666666666667,0.201
1261,DRAW_STROKE_1,1,92,1,0.4236190476190476,0.027047619047619046,0.201
1262,DRAW_STROKE_1,1,93,1,0.42342857142857143,0.027428571428571427,0.201
1263,DRAW_STROKE_1,1,94,1,0.42323809523809525,0.02780952380952381,0.201
1264,DRAW_STROKE_1,1,95,1,0.42304761904761906,0.02819047619047619,0.201
1265,DRAW_STROKE_1,1,96,1,0.4228571428571429,0.02857142857142857,0.201
1266,DRAW_STROKE_1,1,97,1,0.42334391534391536,0.028666666666666667,0.201
1267,DRAW_STROKE_1,1,98,1,0.42383068783068784,0.02876190476190476,0.201
1268,DRAW_STROKE_1,1,99,1,0.4243174603174603,0.028857142857142856,0.201
1269,DRAW_STROKE_1,1,100,1,0.4248042328042328,0.02895238095238095,0.201
1270,DRAW_STROKE_1,1,101,1,0.42529100529100533,0.029047619047619048,0.201
1271,DRAW_STROKE_1,1,102,1,0.4257777777777778,0.029142857142857144,0.201
1272,DRAW_STROKE_1,1,103,1,0.4262645502645503,0.02923809523809524,0.201
1273,DRAW_STROKE_1,1,104,1,0.42675132275132277,0.029333333333333333,0.201
1274,DRAW_STROKE_1,1,105,1,0.42723809523809525,0.02942857142857143,0.201
1275,DRAW_STROKE_1,1,106,1,0.42772486772486773,0.029523809523809525,0.201
1276,DRAW_STROKE_1,1,107,1,0.4282116402116402,0.029619047619047618,0.201
1277,DRAW_STROKE_1,1,108,1,0.4286984126984127,0.029714285714285714,0.201
1278,DRAW_STROKE_1,1,109,1,0.42918518518518517,0.02980952380952381,0.201
1279,DRAW_STROKE_1,1,110,1,0.4296719576719577,0.029904761904761906,0.201
1280,DRAW_STROKE_1,1,111,1,0.4301587301587302,0.030000000000000002,0.201
1281,DRAW_STROKE_1,1,112,1,0.43064550264550266,0.0300952380952381,0.201
1282,DRAW_STROKE_1,1,113,1,0.43113227513227514,0.03019047619047619,0.201
1283,DRAW_STROKE_1,1,114,1,0.4316190476190476,0.030285714285714287,0.201
1284,DRAW_STROKE_1,1,115,1,0.43307936507936506,0.030571428571428572,0.201
1285,DRAW_STROKE_1,1,116,1,0.43453968253968256,0.03085714285714286,0.201
1286,DRAW_STROKE_1,1,117,1,0.436,0.031142857142857146,0.201
1287,DRAW_STROKE_1,1,118,1,0.4374,0.03125714285714286,0.201
1288,DRAW_STROKE_1,1,119,1,0.4388,0.03137142857142857,0.201
1289,DRAW_STROKE_1,1,120,1,0.44020000000000004,0.03148571428571429,0.201
1290,DRAW_STROKE_1,1,121,1,0.44160000000000005,0.0316,0.201
1291,DRAW_STROKE_1,1,122,1,0.44300000000000006,0.031714285714285716,0.201
1292,DRAW_STROKE_1,1,123,1,0.4444,0.03182857142857143,0.201
1293,DRAW_STROKE_1,1,124,1,0.44580000000000003,0.03194285714285714,0.201
1294,DRAW_STROKE_1,1,125,1,0.44720000000000004,0.03205714285714286,0.201
1295,DRAW_STROKE_1,1,126,1,0.44860000000000005,0.03217142857142857,0.201
1296,DRAW_STROKE_1,1,127,1,0.45000000000000007,0.032285714285714286,0.201
1297,DRAW_STROKE_1,1,128,1,0.4514000000000001,0.03217142857142857,0.201
1298,DRAW_STROKE_1,1,129,1,0.45280000000000004,0.03205714285714286,0.201
1299,DRAW_STROKE_1,1,130,1,0.45420000000000005,0.03194285714285714,0.201
1300,DRAW_STROKE_1,1,131,1,0.45560000000000006,0.03182857142857143,0.201
1301,DRAW_STROKE_1,1,132,1,0.4570000000000001,0.031714285714285716,0.201
1302,DRAW_STROKE_1,1,133,1,0.45840000000000003,0.0316,0.201
1303,DRAW_STROKE_1,1,134,1,0.45980000000000004,0.03148571428571429,0.201
1304,DRAW_STROKE_1,1,135,1,0.46120000000000005,0.03137142857142857,0.201
1305,DRAW_STROKE_1,1,136,1,0.4626,0.03125714285714286,0.201
1306,DRAW_STROKE_1,1,137,1,0.464,0.031142857142857146,0.201
1307,DRAW_STROKE_1,1,138,1,0.46546031746031746,0.03085714285714286,0.201
1308,DRAW_STROKE_1,1,139,1,0.46692063492063496,0.030571428571428572,0.201
1309,DRAW_STROKE_1,1,140,1,0.4683809523809524,0.030285714285714287,0.201
1310,DRAW_STROKE_1,1,141,1,0.4688677248677249,0.03019047619047619,0.201
1311,DRAW_STROKE_1,1,142,1,0.46935449735449736,0.0300952380952381,0.201
1312,DRAW_STROKE_1,1,143,1,0.46984126984126984,0.030000000000000002,0.201
1313,DRAW_STROKE_1,1,144,1,0.4703280423280423,0.029904761904761906,0.201
1314,DRAW_STROKE_1,1,145,1,0.47081481481481485,0.02980952380952381,0.201
1315,DRAW_STROKE_1,1,146,1,0.47130158730158733,0.029714285714285714,0.201
1316,DRAW_STROKE_1,1,147,1,0.4717883597883598,0.029619047619047618,0.201
1317,DRAW_STROKE_1,1,148,1,0.4722751322751323,0.029523809523809525,0.201
1318,DRAW_STROKE_1,1,149,1,0.47276190476190477,0.02942857142857143,0.201
1319,DRAW_STROKE_1,1,150,1,0.47324867724867725,0.029333333333333333,0.201
1320,DRAW_STROKE_1,1,151,1,0.47373544973544973,0.02923809523809524,0.201
1321,DRAW_STROKE_1,1,152,1,0.4742222222222222,0.029142857142857144,0.201
1322,DRAW_STROKE_1,1,153,1,0.4747089947089947,0.029047619047619048,0.201
1323,DRAW_STROKE_1,1,154,1,0.4751957671957672,0.02895238095238095,0.201
1324,DRAW_STROKE_1,1,155,1,0.4756825396825397,0.028857142857142856,0.201
1325,DRAW_STROKE_1,1,156,1,0.4761693121693122,0.02876190476190476,0.201
1326,DRAW_STROKE_1,1,157,1,0.47665608465608467,0.028666666666666667,0.201
1327,DRAW_STROKE_1,1,158,1,0.47714285714285715,0.02857142857142857,0.201
1328,DRAW_STROKE_1,1,159,1,0.47695238095238096,0.02895238095238095,0.201
1329,DRAW_STROKE_1,1,160,1,0.4767619047619048,0.029333333333333333,0.201
1330,DRAW_STROKE_1,1,161,1,0.4765714285714286,0.029714285714285714,0.201
1331,DRAW_STROKE_1,1,162,1,0.4763809523809524,0.030095238095238095,0.201
1332,DRAW_STROKE_1,1,163,1,0.4761904761904762,0.030476190476190473,0.201
1333,DRAW_STROKE_1,1,164,1,0.47600000000000003,0.030857142857142854,0.201
1334,DRAW_STROKE_1,1,165,1,0.47580952380952385,0.031238095238095235,0.201
1335,DRAW_STROKE_1,1,166,1,0.4756190476190476,0.031619047619047616,0.201
1336,DRAW_STROKE_1,1,167,1,0.4754285714285714,0.031999999999999994,0.201
1337,DRAW_STROKE_1,1,168,1,0.47523809523809524,0.03238095238095238,0.201
1338,DRAW_STROKE_1,1,169,1,0.47504761904761905,0.032761904761904756,0.201
1339,DRAW_STROKE_1,1,170,1,0.47485714285714287,0.03314285714285714,0.201
1340,DRAW_STROKE_1,1,171,1,0.4746666666666667,0.03352380952380952,0.201
1341,DRAW_STROKE_1,1,172,1,0.4744761904761905,0.0339047619047619,0.201
1342,DRAW_STROKE_1,1,173,1,0.4742857142857143,0.03428571428571428,0.201
1343,DRAW_STROKE_1,1,174,1,0.47380952380952385,0.0344047619047619,0.201
1344,DRAW_STROKE_1,1,175,1,0.47333333333333333,0.03452380952380952,0.201
1345,DRAW_STROKE_1,1,176,1,0.47285714285714286,0.03464285714285714,0.201
1346,DRAW_STROKE_1,1,177,1,0.4723809523809524,0.03476190476190476,0.201
1347,DRAW_STROKE_1,1,178,1,0.4719047619047619,0.03488095238095238,0.201
1348,DRAW_STROKE_1,1,179,1,0.4714285714285714,0.034999999999999996,0.201
1349,DRAW_STROKE_1,1,180,1,0.47095238095238096,0.03511904761904761,0.201
1350,DRAW_STROKE_1,1,181,1,0.4704761904761905,0.035238095238095235,0.201
1351,DRAW_STROKE_1,1,182,1,0.47000000000000003,0.03535714285714285,0.201
1352,DRAW_STROKE_1,1,183,1,0.46952380952380957,0.035476190476190474,0.201
1353,DRAW_STROKE_1,1,184,1,0.46904761904761905,0.03559523809523809,0.201
1354,DRAW_STROKE_1,1,185,1,0.4685714285714286,0.03571428571428571,0.201
1355,DRAW_STROKE_1,1,186,1,0.4682857142857143,0.03542857142857143,0.201
1356,DRAW_STROKE_1,1,187,1,0.468,0.03514285714285714,0.201
1357,DRAW_STROKE_1,1,188,1,0.46771428571428575,0.03485714285714286,0.201
1358,DRAW_STROKE_1,1,189,1,0.46742857142857147,0.03457142857142857,0.201
1359,DRAW_STROKE_1,1,190,1,0.46714285714285714,0.03428571428571429,0.201
1360,DRAW_STROKE_1,1,191,1,0.46685714285714286,0.034,0.201
1361,DRAW_STROKE_1,1,192,1,0.4665714285714286,0.03371428571428572,0.201
1362,DRAW_STROKE_1,1,193,1,0.4662857142857143,0.033428571428571426,0.201
1363,DRAW_STROKE_1,1,194,1,0.466,0.03314285714285714,0.201
1364,DRAW_STROKE_1,1,195,1,0.46571428571428575,0.032857142857142856,0.201
1365,DRAW_STROKE_1,1,196,1,0.4654285714285714,0.03257142857142857,0.201
1366,DRAW_STROKE_1,1,197,1,0.46514285714285714,0.032285714285714286,0.201
1367,DRAW_STROKE_1,1,198,1,0.46485714285714286,0.032,0.201
1368,DRAW_STROKE_1,1,199,1,0.4645714285714286,0.031714285714285716,0.201
1369,DRAW_STROKE_1,1,200,1,0.4642857142857143,0.03142857142857143,0.201
1370,DRAW_STROKE_1,1,201,1,0.4642857142857143,0.030952380952380953,0.201
1371,DRAW_STROKE_1,1,202,1,0.4642857142857143,0.030476190476190476,0.201
1372,DRAW_STROKE_1,1,203,1,0.4642857142857143,0.03,0.201
1373,DRAW_STROKE_1,1,204,1,0.4642857142857143,0.02952380952380952,0.201
1374,DRAW_STROKE_1,1,205,1,0.4642857142857143,0.029047619047619048,0.201
1375,DRAW_STROKE_1,1,206,1,0.4642857142857143,0.02857142857142857,0.201
1376,DRAW_STROKE_1,1,207,1,0.4642857142857143,0.028095238095238093,0.201
1377,DRAW_STROKE_1,1,208,1,0.4642857142857143,0.02761904761904762,0.201
1378,DRAW_STROKE_1,1,209,1,0.4642857142857143,0.027142857142857142,0.201
1379,DRAW_STROKE_1,1,210,1,0.4642857142857143,0.026666666666666665,0.201
1380,DRAW_STROKE_1,1,211,1,0.4642857142857143,0.026190476190476188,0.201
1381,DRAW_STROKE_1,1,212,1,0.4642857142857143,0.02571428571428571,0.201
1382,DRAW_STROKE_1,1,213,1,0.4645714285714286,0.025428571428571425,0.201
1383,DRAW_STROKE_1,1,214,1,0.46485714285714286,0.02514285714285714,0.201
1384,DRAW_STROKE_1,1,215,1,0.46514285714285714,0.024857142857142855,0.201
1385,DRAW_STROKE_1,1,216,1,0.4654285714285714,0.02457142857142857,0.201
1386,DRAW_STROKE_1,1,217,1,0.46571428571428575,0.024285714285714285,0.201
1387,DRAW_STROKE_1,1,218,1,0.466,0.024,0.201
1388,DRAW_STROKE_1,1,219,1,0.4662857142857143,0.023714285714285716,0.201
1389,DRAW_STROKE_1,1,220,1,0.4665714285714286,0.023428571428571427,0.201
1390,DRAW_STROKE_1,1,221,1,0.46685714285714286,0.023142857142857142,0.201
1391,DRAW_STROKE_1,1,222,1,0.46714285714285714,0.022857142857142857,0.201
1392,DRAW_STROKE_1,1,223,1,0.46742857142857147,0.022571428571428572,0.201
1393,DRAW_STROKE_1,1,224,1,0.46771428571428575,0.022285714285714287,0.201
1394,DRAW_STROKE_1,1,225,1,0.468,0.022000000000000002,0.201
1395,DRAW_STROKE_1,1,226,1,0.4682857142857143,0.021714285714285717,0.201
1396,DRAW_STROKE_1,1,227,1,0.4685714285714286,0.021428571428571432,0.201
1397,DRAW_STROKE_1,1,228,1,0.46904761904761905,0.02154761904761905,0.201
1398,DRAW_STROKE_1,1,229,1,0.46952380952380957,0.02166666666666667,0.201
1399,DRAW_STROKE_1,1,230,1,0.47000000000000003,0.02178571428571429,0.201
1400,DRAW_STROKE_1,1,231,1,0.4704761904761905,0.02190476190476191,0.201
1401,DRAW_STROKE_1,1,232,1,0.47095238095238096,0.022023809523809525,0.201
1402,DRAW_STROKE_1,1,233,1,0.4714285714285714,0.022142857142857145,0.201
1403,DRAW_STROKE_1,1,234,1,0.4719047619047619,0.022261904761904764,0.201
1404,DRAW_STROKE_1,1,235,1,0.4723809523809524,0.022380952380952383,0.201
1405,DRAW_STROKE_1,1,236,1,0.47285714285714286,0.022500000000000003,0.201
1406,DRAW_STROKE_1,1,237,1,0.47333333333333333,0.022619047619047622,0.201
1407,DRAW_STROKE_1,1,238,1,0.47380952380952385,0.02273809523809524,0.201
1408,DRAW_STROKE_1,1,239,1,0.4742857142857143,0.02285714285714286,0.201
1409,DRAW_STROKE_1,1,240,1,0.4744761904761905,0.02323809523809524,0.201
1410,DRAW_STROKE_1,1,241,1,0.4746666666666667,0.023619047619047623,0.201
1411,DRAW_STROKE_1,1,242,1,0.47485714285714287,0.024000000000000004,0.201
1412,DRAW_STROKE_1,1,243,1,0.47504761904761905,0.024380952380952385,0.201
1413,DRAW_STROKE_1,1,244,1,0.47523809523809524,0.024761904761904763,0.201
1414,DRAW_STROKE_1,1,245,1,0.4754285714285714,0.025142857142857144,0.201
1415,DRAW_STROKE_1,1,246,1,0.4756190476190476,0.025523809523809525,0.201
1416,DRAW_STROKE_1,1,247,1,0.47580952380952385,0.025904761904761906,0.201
1417,DRAW_STROKE_1,1,248,1,0.47600000000000003,0.026285714285714287,0.201
1418,DRAW_STROKE_1,1,249,1,0.4761904761904762,0.02666666666666667,0.201
1419,DRAW_STROKE_1,1,250,1,0.4763809523809524,0.027047619047619046,0.201
1420,DRAW_STROKE_1,1,251,1,0.4765714285714286,0.027428571428571427,0.201
1421,DRAW_STROKE_1,1,252,1,0.4767619047619048,0.02780952380952381,0.201
1422,DRAW_STROKE_1,1,253,1,0.47695238095238096,0.02819047619047619,0.201
1423,DRAW_STROKE_1,1,254,1,0.47714285714285715,0.02857142857142857,0.201
1424,DRAW_STROKE_1,1,255,1,0.4767904761904762,0.028257142857142856,0.201
1425,DRAW_STROKE_1,1,256,1,0.4764380952380952,0.02794285714285714,0.201
1426,DRAW_STROKE_1,1,257,1,0.4760857142857143,0.027628571428571426,0.201
1427,DRAW_STROKE_1,1,258,1,0.47573333333333334,0.02731428571428571,0.201
1428,DRAW_STROKE_1,1,259,1,0.47538095238095235,0.027,0.201
1429,DRAW_STROKE_1,1,260,1,0.4750285714285714,0.026685714285714285,0.201
1430,DRAW_STROKE_1,1,261,1,0.4746761904761905,0.02637142857142857,0.201
1431,DRAW_STROKE_1,1,262,1,0.47432380952380954,0.02605714285714286,0.201
1432,DRAW_STROKE_1,1,263,1,0.4739714285714286,0.025742857142857144,0.201
1433,DRAW_STROKE_1,1,264,1,0.47361904761904766,0.02542857142857143,0.201
1434,DRAW_STROKE_1,1,265,1,0.47326666666666667,0.025114285714285714,0.201
1435,DRAW_STROKE_1,1,266,1,0.47291428571428573,0.0248,0.201
1436,DRAW_STROKE_1,1,267,1,0.4725619047619048,0.024485714285714284,0.201
1437,DRAW_STROKE_1,1,268,1,0.4722095238095238,0.02417142857142857,0.201
1438,DRAW_STROKE_1,1,269,1,0.47185714285714286,0.023857142857142855,0.201
1439,DRAW_STROKE_1,1,270,1,0.4715047619047619,0.02354285714285714,0.201
1440,DRAW_STROKE_1,1,271,1,0.47115238095238093,0.02322857142857143,0.201
1441,DRAW_STROKE_1,1,272,1,0.4708,0.022914285714285713,0.201
1442,DRAW_STROKE_1,1,273,1,0.46974285714285713,0.021971428571428572,0.201
1443,DRAW_STROKE_1,1,274,1,0.4686857142857143,0.021028571428571428,0.201
1444,DRAW_STROKE_1,1,275,1,0.46762857142857145,0.020085714285714283,0.201
1445,DRAW_STROKE_1,1,276,1,0.4665714285714286,0.019142857142857142,0.201
1446,DRAW_STROKE_1,1,277,1,0.4655714285714286,0.01817857142857143,0.201
1447,DRAW_STROKE_1,1,278,1,0.4645714285714286,0.017214285714285713,0.201
1448,DRAW_STROKE_1,1,279,1,0.4642380952380952,0.016892857142857143,0.201
1449,DRAW_STROKE_1,1,280,1,0.46390476190476193,0.01657142857142857,0.201
1450,DRAW_STROKE_1,1,281,1,0.4635714285714286,0.01625,0.201
1451,DRAW_STROKE_1,1,282,1,0.4632380952380952,0.01592857142857143,0.201
1452,DRAW_STROKE_1,1,283,1,0.46290476190476193,0.015607142857142858,0.201
1453,DRAW_STROKE_1,1,284,1,0.4625714285714286,0.015285714285714286,0.201
1454,DRAW_STROKE_1,1,285,1,0.4622380952380952,0.014964285714285715,0.201
1455,DRAW_STROKE_1,1,286,1,0.46190476190476193,0.014642857142857143,0.201
1456,DRAW_STROKE_1,1,287,1,0.4615714285714286,0.014321428571428572,0.201
1457,DRAW_STROKE_1,1,288,1,0.4612380952380952,0.014,0.201
1458,DRAW_STROKE_1,1,289,1,0.46090476190476193,0.01367857142857143,0.201
1459,DRAW_STROKE_1,1,290,1,0.4605714285714286,0.013357142857142859,0.201
1460,DRAW_STROKE_1,1,291,1,0.4602380952380952,0.013035714285714288,0.201
1461,DRAW_STROKE_1,1,292,1,0.4599047619047619,0.012714285714285716,0.201
1462,DRAW_STROKE_1,1,293,1,0.4595714285714286,0.012392857142857145,0.201
1463,DRAW_STROKE_1,1,294,1,0.4592380952380952,0.012071428571428573,0.201
1464,DRAW_STROKE_1,1,295,1,0.4589047619047619,0.011750000000000002,0.201
1465,DRAW_STROKE_1,1,296,1,0.4585714285714286,0.01142857142857143,0.201
1466,DRAW_STROKE_1,1,297,1,0.4580952380952381,0.011476190476190478,0.201
1467,DRAW_STROKE_1,1,298,1,0.45761904761904765,0.011523809523809525,0.201
1468,DRAW_STROKE_1,1,299,1,0.4571428571428572,0.011571428571428573,0.201
1469,DRAW_STROKE_1,1,300,1,0.4566666666666667,0.01161904761904762,0.201
1470,DRAW_STROKE_1,1,301,1,0.4561904761904762,0.011666666666666669,0.201
1471,DRAW_STROKE_1,1,302,1,0.45571428571428574,0.011714285714285717,0.201
1472,DRAW_STROKE_1,1,303,1,0.4552380952380953,0.011761904761904765,0.201
1473,DRAW_STROKE_1,1,304,1,0.45476190476190476,0.011809523809523811,0.201
1474,DRAW_STROKE_1,1,305,1,0.4542857142857143,0.01185714285714286,0.201
1475,DRAW_STROKE_1,1,306,1,0.45380952380952383,0.011904761904761908,0.201
1476,DRAW_STROKE_1,1,307,1,0.45333333333333337,0.011952380952380954,0.201
1477,DRAW_STROKE_1,1,308,1,0.4528571428571429,0.012000000000000002,0.201
1478,DRAW_STROKE_1,1,309,1,0.45238095238095244,0.01204761904761905,0.201
1479,DRAW_STROKE_1,1,310,1,0.451904761904762,0.012095238095238098,0.201
1480,DRAW_STROKE_1,1,311,1,0.4514285714285715,0.012142857142857146,0.201
1481,DRAW_STROKE_1,1,312,1,0.45095238095238105,0.012190476190476194,0.201
1482,DRAW_STROKE_1,1,313,1,0.45047619047619053,0.01223809523809524,0.201
1483,DRAW_STROKE_1,1,314,1,0.45000000000000007,0.012285714285714289,0.201
1484,DRAW_STROKE_1,1,315,1,0.4495238095238096,0.01223809523809524,0.201
1485,DRAW_STROKE_1,1,316,1,0.4490476190476191,0.012190476190476194,0.201
1486,DRAW_STROKE_1,1,317,1,0.4485714285714286,0.012142857142857146,0.201
1487,DRAW_STROKE_1,1,318,1,0.44809523809523816,0.012095238095238098,0.201
1488,DRAW_STROKE_1,1,319,1,0.44761904761904764,0.01204761904761905,0.201
1489,DRAW_STROKE_1,1,320,1,0.4471428571428572,0.012000000000000002,0.201
1490,DRAW_STROKE_1,1,321,1,0.4466666666666667,0.011952380952380954,0.201
1491,DRAW_STROKE_1,1,322,1,0.4461904761904762,0.011904761904761908,0.201
1492,DRAW_STROKE_1,1,323,1,0.44571428571428573,0.01185714285714286,0.201
1493,DRAW_STROKE_1,1,324,1,0.44523809523809527,0.011809523809523811,0.201
1494,DRAW_STROKE_1,1,325,1,0.4447619047619048,0.011761904761904765,0.201
1495,DRAW_STROKE_1,1,326,1,0.44428571428571434,0.011714285714285717,0.201
1496,DRAW_STROKE_1,1,327,1,0.4438095238095239,0.011666666666666669,0.201
1497,DRAW_STROKE_1,1,328,1,0.44333333333333336,0.01161904761904762,0.201
1498,DRAW_STROKE_1,1,329,1,0.4428571428571429,0.011571428571428573,0.201
1499,DRAW_STROKE_1,1,330,1,0.44238095238095243,0.011523809523809525,0.201
1500,DRAW_STROKE_1,1,331,1,0.4419047619047619,0.011476190476190478,0.201
1501,DRAW_STROKE_1,1,332,1,0.44142857142857145,0.01142857142857143,0.201
1502,DRAW_STROKE_1,1,333,1,0.4411111111111111,0.011111111111111113,0.201
1503,DRAW_STROKE_1,1,334,1,0.4407936507936508,0.010793650793650796,0.201
1504,DRAW_STROKE_1,1,335,1,0.44047619047619047,0.01047619047619048,0.201
1505,DRAW_STROKE_1,1,336,1,0.44015873015873014,0.010158730158730162,0.201
1506,DRAW_STROKE_1,1,337,1,0.43984126984126987,0.009841269841269843,0.201
1507,DRAW_STROKE_1,1,338,1,0.43952380952380954,0.009523809523809526,0.201
1508,DRAW_STROKE_1,1,339,1,0.4392063492063492,0.00920634920634921,0.201
1509,DRAW_STROKE_1,1,340,1,0.43888888888888894,0.00888888888888889,0.201
1510,DRAW_STROKE_1,1,341,1,0.4385714285714286,0.008571428571428574,0.201
1511,DRAW_STROKE_1,1,342,1,0.4382539682539683,0.008253968253968257,0.201
1512,DRAW_STROKE_1,1,343,1,0.43793650793650796,0.00793650793650794,0.201
1513,DRAW_STROKE_1,1,344,1,0.43761904761904763,0.0076190476190476225,0.201
1514,DRAW_STROKE_1,1,345,1,0.4373015873015873,0.0073015873015873055,0.201
1515,DRAW_STROKE_1,1,346,1,0.436984126984127,0.006984126984126988,0.201
1516,DRAW_STROKE_1,1,347,1,0.43666666666666665,0.0066666666666666706,0.201
1517,DRAW_STROKE_1,1,348,1,0.4363492063492063,0.0063492063492063535,0.201
1518,DRAW_STROKE_1,1,349,1,0.43603174603174605,0.006031746031746036,0.201
1519,DRAW_STROKE_1,1,350,1,0.4357142857142857,0.005714285714285719,0.201
1520,DRAW_STROKE_1,1,351,1,0.4361111111111111,0.005444444444444449,0.201
1521,DRAW_STROKE_1,1,352,1,0.4365079365079365,0.005174603174603178,0.201
1522,DRAW_STROKE_1,1,353,1,0.4369047619047619,0.004904761904761908,0.201
1523,DRAW_STROKE_1,1,354,1,0.4373015873015873,0.0046349206349206385,0.201
1524,DRAW_STROKE_1,1,355,1,0.4376984126984127,0.004365079365079368,0.201
1525,DRAW_STROKE_1,1,356,1,0.4380952380952381,0.004095238095238098,0.201
1526,DRAW_STROKE_1,1,357,1,0.4384920634920635,0.003825396825396828,0.201
1527,DRAW_STROKE_1,1,358,1,0.4388888888888889,0.0035555555555555583,0.201
1528,DRAW_STROKE_1,1,359,1,0.4392857142857143,0.003285714285714288,0.201
1529,DRAW_STROKE_1,1,360,1,0.4396825396825397,0.0030158730158730183,0.201
1530,DRAW_STROKE_1,1,361,1,0.4400793650793651,0.002746031746031748,0.201
1531,DRAW_STROKE_1,1,362,1,0.4404761904761905,0.002476190476190478,0.201
1532,DRAW_STROKE_1,1,363,1,0.4408730158730159,0.002206349206349208,0.201
1533,DRAW_STROKE_1,1,364,1,0.4412698412698413,0.0019365079365079381,0.201
1534,DRAW_STROKE_1,1,365,1,0.4416666666666667,0.0016666666666666679,0.201
1535,DRAW_STROKE_1,1,366,1,0.4420634920634921,0.0013968253968253978,0.201
1536,DRAW_STROKE_1,1,367,1,0.4424603174603175,0.0011269841269841278,0.201
1537,DRAW_STROKE_1,1,368,1,0.4428571428571429,0.0008571428571428575,0.201
1538,DRAW_STROKE_1,1,369,1,0.44428571428571434,0.0005142857142857146,0.201
1539,DRAW_STROKE_1,1,370,1,0.4457142857142858,0.0001714285714285715,0.201
1540,DRAW_STROKE_1,1,371,1,0.4471428571428572,-0.0001714285714285715,0.201
1541,DRAW_STROKE_1,1,372,1,0.4485714285714286,-0.0005142857142857147,0.201
1542,DRAW_STROKE_1,1,373,1,0.45000000000000007,-0.0008571428571428577,0.201
1543,DRAW_STROKE_1,1,374,1,0.4514285714285715,-0.0005142857142857146,0.201
1544,DRAW_STROKE_1,1,375,1,0.4528571428571429,-0.0001714285714285715,0.201
1545,DRAW_STROKE_1,1,376,1,0.45428571428571435,0.0001714285714285715,0.201
1546,DRAW_STROKE_1,1,377,1,0.45571428571428574,0.0005142857142857147,0.201
1547,DRAW_STROKE_1,1,378,1,0.4571428571428572,0.0008571428571428577,0.201
1548,DRAW_STROKE_1,1,379,1,0.4575396825396826,0.0011269841269841278,0.201
1549,DRAW_STROKE_1,1,380,1,0.457936507936508,0.0013968253968253978,0.201
1550,DRAW_STROKE_1,1,381,1,0.45833333333333337,0.0016666666666666679,0.201
1551,DRAW_STROKE_1,1,382,1,0.45873015873015877,0.001936507936507938,0.201
1552,DRAW_STROKE_1,1,383,1,0.45912698412698416,0.002206349206349208,0.201
1553,DRAW_STROKE_1,1,384,1,0.45952380952380956,0.002476190476190478,0.201
1554,DRAW_STROKE_1,1,385,1,0.45992063492063495,0.0027460317460317484,0.201
1555,DRAW_STROKE_1,1,386,1,0.46031746031746035,0.0030158730158730183,0.201
1556,DRAW_STROKE_1,1,387,1,0.46071428571428574,0.0032857142857142885,0.201
1557,DRAW_STROKE_1,1,388,1,0.46111111111111114,0.0035555555555555583,0.201
1558,DRAW_STROKE_1,1,389,1,0.46150793650793653,0.003825396825396828,0.201
1559,DRAW_STROKE_1,1,390,1,0.46190476190476193,0.004095238095238098,0.201
1560,DRAW_STROKE_1,1,391,1,0.4623015873015873,0.004365079365079368,0.201
1561,DRAW_STROKE_1,1,392,1,0.4626984126984127,0.0046349206349206385,0.201
1562,DRAW_STROKE_1,1,393,1,0.4630952380952381,0.004904761904761908,0.201
1563,DRAW_STROKE_1,1,394,1,0.4634920634920635,0.005174603174603178,0.201
1564,DRAW_STROKE_1,1,395,1,0.4638888888888889,0.005444444444444449,0.201
1565,DRAW_STROKE_1,1,396,1,0.4642857142857143,0.005714285714285719,0.201
1566,DRAW_STROKE_1,1,397,1,0.463968253968254,0.006031746031746036,0.201
1567,DRAW_STROKE_1,1,398,1,0.4636507936507937,0.0063492063492063535,0.201
1568,DRAW_STROKE_1,1,399,1,0.4633333333333334,0.0066666666666666706,0.201
1569,DRAW_STROKE_1,1,400,1,0.46301587301587305,0.006984126984126988,0.201
1570,DRAW_STROKE_1,1,401,1,0.4626984126984127,0.0073015873015873055,0.201
1571,DRAW_STROKE_1,1,402,1,0.4623809523809524,0.0076190476190476225,0.201
1572,DRAW_STROKE_1,1,403,1,0.46206349206349207,0.00793650793650794,0.201
1573,DRAW_STROKE_1,1,404,1,0.46174603174603174,0.008253968253968257,0.201
1574,DRAW_STROKE_1,1,405,1,0.4614285714285714,0.008571428571428574,0.201
1575,DRAW_STROKE_1,1,406,1,0.4611111111111111,0.00888888888888889,0.201
1576,DRAW_STROKE_1,1,407,1,0.4607936507936508,0.00920634920634921,0.201
1577,DRAW_STROKE_1,1,408,1,0.4604761904761905,0.009523809523809526,0.201
1578,DRAW_STROKE_1,1,409,1,0.46015873015873016,0.009841269841269843,0.201
1579,DRAW_STROKE_1,1,410,1,0.4598412698412699,0.010158730158730162,0.201
1580,DRAW_STROKE_1,1,411,1,0.45952380952380956,0.01047619047619048,0.201
1581,DRAW_STROKE_1,1,412,1,0.45920634920634923,0.010793650793650796,0.201
1582,DRAW_STROKE_1,1,413,1,0.4588888888888889,0.011111111111111113,0.201
1583,DRAW_STROKE_1,1,414,1,0.4585714285714286,0.01142857142857143,0.201
1584,DRAW_STROKE_1,1,415,1,0.45831168831168834,0.011038961038961041,0.201
1585,DRAW_STROKE_1,1,416,1,0.45805194805194804,0.01064935064935065,0.201
1586,DRAW_STROKE_1,1,417,1,0.4577922077922078,0.01025974025974026,0.201
1587,DRAW_STROKE_1,1,418,1,0.45753246753246757,0.009870129870129871,0.201
1588,DRAW_STROKE_1,1,419,1,0.4572727272727273,0.009480519480519482,0.201
1589,DRAW_STROKE_1,1,420,1,0.45701298701298704,0.009090909090909092,0.201
1590,DRAW_STROKE_1,1,421,1,0.45675324675324674,0.008701298701298703,0.201
1591,DRAW_STROKE_1,1,422,1,0.4564935064935065,0.008311688311688313,0.201
1592,DRAW_STROKE_1,1,423,1,0.4562337662337662,0.007922077922077924,0.201
1593,DRAW_STROKE_1,1,424,1,0.455974025974026,0.007532467532467534,0.201
1594,DRAW_STROKE_1,1,425,1,0.4557142857142857,0.0071428571428571435,0.201
1595,DRAW_STROKE_1,1,426,1,0.45545454545454545,0.006753246753246753,0.201
1596,DRAW_STROKE_1,1,427,1,0.4551948051948052,0.006363636363636364,0.201
1597,DRAW_STROKE_1,1,428,1,0.4549350649350649,0.0059740259740259745,0.201
1598,DRAW_STROKE_1,1,429,1,0.4546753246753247,0.005584415584415585,0.201
1599,DRAW_STROKE_1,1,430,1,0.45441558441558444,0.005194805194805196,0.201
1600,DRAW_STROKE_1,1,431,1,0.45415584415584415,0.004805194805194805,0.201
1601,DRAW_STROKE_1,1,432,1,0.4538961038961039,0.004415584415584416,0.201
1602,DRAW_STROKE_1,1,433,1,0.45363636363636367,0.004025974025974026,0.201
1603,DRAW_STROKE_1,1,434,1,0.4533766233766234,0.0036363636363636364,0.201
1604,DRAW_STROKE_1,1,435,1,0.45311688311688314,0.003246753246753246,0.201
1605,DRAW_STROKE_1,1,436,1,0.4528571428571429,0.0028571428571428563,0.201
1606,DRAW_STROKE_1,1,437,1,0.4525974025974026,0.0024675324675324664,0.201
1607,DRAW_STROKE_1,1,438,1,0.45233766233766237,0.002077922077922076,0.201
1608,DRAW_STROKE_1,1,439,1,0.4520779220779221,0.0016883116883116868,0.201
1609,DRAW_STROKE_1,1,440,1,0.45181818181818184,0.0012987012987012974,0.201
1610,DRAW_STROKE_1,1,441,1,0.45155844155844155,0.000909090909090908,0.201
1611,DRAW_STROKE_1,1,442,1,0.4512987012987013,0.0005194805194805186,0.201
1612,DRAW_STROKE_1,1,443,1,0.451038961038961,0.00012987012987012922,0.201
1613,DRAW_STROKE_1,1,444,1,0.4507792207792208,-0.0002597402597402602,0.201
1614,DRAW_STROKE_1,1,445,1,0.45051948051948054,-0.0006493506493506501,0.201
1615,DRAW_STROKE_1,1,446,1,0.45025974025974025,-0.00103896103896104,0.201
1616,DRAW_STROKE_1,1,447,1,0.45,-0.00142857142857143,0.201
1617,DRAW_STROKE_1,1,448,1,0.45,-0.0019047619047619056,0.201
1618,DRAW_STROKE_1,1,449,1,0.45,-0.002380952380952381,0.201
1619,DRAW_STROKE_1,1,450,1,0.45,-0.0028571428571428567,0.201
1620,DRAW_STROKE_1,1,451,1,0.45,-0.0033333333333333322,0.201
1621,DRAW_STROKE_1,1,452,1,0.45,-0.003809523809523808,0.201
1622,DRAW_STROKE_1,1,453,1,0.45,-0.004285714285714283,0.201
1623,DRAW_STROKE_1,1,454,1,0.45,-0.00476190476190476,0.201
1624,DRAW_STROKE_1,1,455,1,0.45,-0.005238095238095235,0.201
1625,DRAW_STROKE_1,1,456,1,0.45,-0.005714285714285712,0.201
1626,DRAW_STROKE_1,1,457,1,0.45,-0.006190476190476187,0.201
1627,DRAW_STROKE_1,1,458,1,0.45,-0.006666666666666663,0.201
1628,DRAW_STROKE_1,1,459,1,0.45,-0.007142857142857138,0.201
1629,DRAW_STROKE_1,1,460,1,0.45,-0.007619047619047615,0.201
1630,DRAW_STROKE_1,1,461,1,0.45,-0.008095238095238091,0.201
1631,DRAW_STROKE_1,1,462,1,0.45,-0.008571428571428567,0.201
1632,DRAW_STROKE_1,1,463,1,0.45,-0.009047619047619042,0.201
1633,DRAW_STROKE_1,1,464,1,0.45,-0.009523809523809518,0.201
1634,DRAW_STROKE_1,1,465,1,0.45,-0.009999999999999993,0.201
1635,DRAW_STROKE_1,1,466,1,0.4495918367346939,-0.010272108843537409,0.201
1636,DRAW_STROKE_1,1,467,1,0.44918367346938776,-0.010544217687074824,0.201
1637,DRAW_STROKE_1,1,468,1,0.44877551020408163,-0.01081632653061224,0.201
1638,DRAW_STROKE_1,1,469,1,0.4483673469387755,-0.011088435374149655,0.201
1639,DRAW_STROKE_1,1,470,1,0.44795918367346943,-0.011360544217687068,0.201
1640,DRAW_STROKE_1,1,471,1,0.4475510204081633,-0.011632653061224484,0.201
1641,DRAW_STROKE_1,1,472,1,0.4471428571428572,-0.011904761904761899,0.201
1642,DRAW_STROKE_1,1,473,1,0.44673469387755105,-0.012176870748299314,0.201
1643,DRAW_STROKE_1,1,474,1,0.4463265306122449,-0.01244897959183673,0.201
1644,DRAW_STROKE_1,1,475,1,0.4459183673469388,-0.012721088435374145,0.201
1645,DRAW_STROKE_1,1,476,1,0.44551020408163267,-0.01299319727891156,0.201
1646,DRAW_STROKE_1,1,477,1,0.44510204081632654,-0.013265306122448976,0.201
1647,DRAW_STROKE_1,1,478,1,0.4446938775510204,-0.013537414965986391,0.201
1648,DRAW_STROKE_1,1,479,1,0.4442857142857143,-0.013809523809523805,0.201
1649,DRAW_STROKE_1,1,480,1,0.44387755102040816,-0.01408163265306122,0.201
1650,DRAW_STROKE_1,1,481,1,0.44346938775510203,-0.014353741496598635,0.201
1651,DRAW_STROKE_1,1,482,1,0.44306122448979596,-0.01462585034013605,0.201
1652,DRAW_STROKE_1,1,483,1,0.44265306122448983,-0.014897959183673466,0.201
1653,DRAW_STROKE_1,1,484,1,0.4422448979591837,-0.015170068027210881,0.201
1654,DRAW_STROKE_1,1,485,1,0.4418367346938776,-0.015442176870748297,0.201
1655,DRAW_STROKE_1,1,486,1,0.44142857142857145,-0.015714285714285712,0.201
1656,DRAW_STROKE_1,1,487,1,0.4410204081632653,-0.015442176870748297,0.201
1657,DRAW_STROKE_1,1,488,1,0.4406122448979592,-0.015170068027210881,0.201
1658,DRAW_STROKE_1,1,489,1,0.44020408163265307,-0.014897959183673466,0.201
1659,DRAW_STROKE_1,1,490,1,0.43979591836734694,-0.01462585034013605,0.201
1660,DRAW_STROKE_1,1,491,1,0.43938775510204087,-0.014353741496598637,0.201
1661,DRAW_STROKE_1,1,492,1,0.43897959183673474,-0.014081632653061222,0.201
1662,DRAW_STROKE_1,1,493,1,0.4385714285714286,-0.013809523809523806,0.201
1663,DRAW_STROKE_1,1,494,1,0.4381632653061225,-0.013537414965986391,0.201
1664,DRAW_STROKE_1,1,495,1,0.43775510204081636,-0.013265306122448976,0.201
1665,DRAW_STROKE_1,1,496,1,0.43734693877551023,-0.01299319727891156,0.201
1666,DRAW_STROKE_1,1,497,1,0.4369387755102041,-0.012721088435374145,0.201
1667,DRAW_STROKE_1,1,498,1,0.436530612244898,-0.01244897959183673,0.201
1668,DRAW_STROKE_1,1,499,1,0.43612244897959185,-0.012176870748299314,0.201
1669,DRAW_STROKE_1,1,500,1,0.4357142857142857,-0.011904761904761899,0.201
1670,DRAW_STROKE_1,1,501,1,0.4353061224489796,-0.011632653061224484,0.201
1671,DRAW_STROKE_1,1,502,1,0.43489795918367347,-0.011360544217687068,0.201
1672,DRAW_STROKE_1,1,503,1,0.4344897959183674,-0.011088435374149655,0.201
1673,DRAW_STROKE_1,1,504,1,0.43408163265306127,-0.01081632653061224,0.201
1674,DRAW_STROKE_1,1,505,1,0.43367346938775514,-0.010544217687074824,0.201
1675,DRAW_STROKE_1,1,506,1,0.433265306122449,-0.010272108843537409,0.201
1676,DRAW_STROKE_1,1,507,1,0.4328571428571429,-0.009999999999999993,0.201
1677,DRAW_STROKE_1,1,508,1,0.433265306122449,-0.010244897959183668,0.201
1678,DRAW_STROKE_1,1,509,1,0.43367346938775514,-0.01048979591836734,0.201
1679,DRAW_STROKE_1,1,510,1,0.43408163265306127,-0.010734693877551015,0.201
1680,DRAW_STROKE_1,1,511,1,0.4344897959183674,-0.010979591836734689,0.201
1681,DRAW_STROKE_1,1,512,1,0.43489795918367347,-0.011224489795918361,0.201
1682,DRAW_STROKE_1,1,513,1,0.4353061224489796,-0.011469387755102036,0.201
1683,DRAW_STROKE_1,1,514,1,0.4357142857142857,-0.01171428571428571,0.201
1684,DRAW_STROKE_1,1,515,1,0.43612244897959185,-0.011959183673469383,0.201
1685,DRAW_STROKE_1,1,516,1,0.436530612244898,-0.012204081632653057,0.201
1686,DRAW_STROKE_1,1,517,1,0.4369387755102041,-0.01244897959183673,0.201
1687,DRAW_STROKE_1,1,518,1,0.43734693877551023,-0.012693877551020404,0.201
1688,DRAW_STROKE_1,1,519,1,0.43775510204081636,-0.012938775510204076,0.201
1689,DRAW_STROKE_1,1,520,1,0.4381632653061225,-0.01318367346938775,0.201
1690,DRAW_STROKE_1,1,521,1,0.4385714285714286,-0.013428571428571423,0.201
1691,DRAW_STROKE_1,1,522,1,0.43897959183673474,-0.013673469387755098,0.201
1692,DRAW_STROKE_1,1,523,1,0.43938775510204087,-0.013918367346938772,0.201
1693,DRAW_STROKE_1,1,524,1,0.43979591836734694,-0.014163265306122445,0.201
1694,DRAW_STROKE_1,1,525,1,0.44020408163265307,-0.014408163265306119,0.201
1695,DRAW_STROKE_1,1,526,1,0.44142857142857145,-0.01514285714285714,0.201
1696,DRAW_STROKE_1,1,527,1,0.44265306122448983,-0.015632653061224487,0.201
1697,DRAW_STROKE_1,1,528,1,0.44306122448979596,-0.015795918367346937,0.201
1698,DRAW_STROKE_1,1,529,1,0.44346938775510203,-0.015959183673469386,0.201
1699,DRAW_STROKE_1,1,530,1,0.44387755102040816,-0.016122448979591836,0.201
1700,DRAW_STROKE_1,1,531,1,0.4442857142857143,-0.016285714285714285,0.201
1701,DRAW_STROKE_1,1,532,1,0.4446938775510204,-0.01644897959183673,0.201
1702,DRAW_STROKE_1,1,533,1,0.44510204081632654,-0.01661224489795918,0.201
1703,DRAW_STROKE_1,1,534,1,0.44551020408163267,-0.01677551020408163,0.201
1704,DRAW_STROKE_1,1,535,1,0.4459183673469388,-0.01693877551020408,0.201
1705,DRAW_STROKE_1,1,536,1,0.4463265306122449,-0.01710204081632653,0.201
1706,DRAW_STROKE_1,1,537,1,0.44673469387755105,-0.01726530612244898,0.201
1707,DRAW_STROKE_1,1,538,1,0.4471428571428572,-0.01742857142857143,0.201
1708,DRAW_STROKE_1,1,539,1,0.4475510204081633,-0.017591836734693878,0.201
1709,DRAW_STROKE_1,1,540,1,0.44795918367346943,-0.017755102040816328,0.201
1710,DRAW_STROKE_1,1,541,1,0.4483673469387755,-0.017918367346938774,0.201
1711,DRAW_STROKE_1,1,542,1,0.44877551020408163,-0.018081632653061223,0.201
1712,DRAW_STROKE_1,1,543,1,0.44918367346938776,-0.018244897959183673,0.201
1713,DRAW_STROKE_1,1,544,1,0.4495918367346939,-0.018408163265306123,0.201
1714,DRAW_STROKE_1,1,545,1,0.45,-0.018571428571428572,0.201
1715,DRAW_STROKE_1,1,546,1,0.45040816326530614,-0.018408163265306123,0.201
1716,DRAW_STROKE_1,1,547,1,0.45081632653061227,-0.018244897959183673,0.201
1717,DRAW_STROKE_1,1,548,1,0.4512244897959184,-0.018081632653061223,0.201
1718,DRAW_STROKE_1,1,549,1,0.4516326530612245,-0.017918367346938774,0.201
1719,DRAW_STROKE_1,1,550,1,0.4520408163265306,-0.017755102040816328,0.201
1720,DRAW_STROKE_1,1,551,1,0.4524489795918367,-0.017591836734693878,0.201
1721,DRAW_STROKE_1,1,552,1,0.45285714285714285,-0.01742857142857143,0.201
1722,DRAW_STROKE_1,1,553,1,0.453265306122449,-0.01726530612244898,0.201
1723,DRAW_STROKE_1,1,554,1,0.4536734693877551,-0.01710204081632653,0.201
1724,DRAW_STROKE_1,1,555,1,0.45408163265306123,-0.01693877551020408,0.201
1725,DRAW_STROKE_1,1,556,1,0.45448979591836736,-0.016775510204081634,0.201
1726,DRAW_STROKE_1,1,557,1,0.4548979591836735,-0.016612244897959184,0.201
1727,DRAW_STROKE_1,1,558,1,0.4553061224489796,-0.016448979591836735,0.201
1728,DRAW_STROKE_1,1,559,1,0.45571428571428574,-0.016285714285714285,0.201
1729,DRAW_STROKE_1,1,560,1,0.45612244897959187,-0.016122448979591836,0.201
1730,DRAW_STROKE_1,1,561,1,0.456530612244898,-0.015959183673469386,0.201
1731,DRAW_STROKE_1,1,562,1,0.45693877551020406,-0.015795918367346937,0.201
1732,DRAW_STROKE_1,1,563,1,0.4573469387755102,-0.015632653061224487,0.201
1733,DRAW_STROKE_1,1,564,1,0.4585714285714286,-0.01514285714285714,0.201
1734,DRAW_STROKE_1,1,565,1,0.45979591836734696,-0.014408163265306119,0.201
1735,DRAW_STROKE_1,1,566,1,0.4602040816326531,-0.014163265306122445,0.201
1736,DRAW_STROKE_1,1,567,1,0.46061224489795916,-0.013918367346938772,0.201
1737,DRAW_STROKE_1,1,568,1,0.4610204081632653,-0.013673469387755098,0.201
1738,DRAW_STROKE_1,1,569,1,0.4614285714285714,-0.013428571428571423,0.201
1739,DRAW_STROKE_1,1,570,1,0.46183673469387754,-0.01318367346938775,0.201
1740,DRAW_STROKE_1,1,571,1,0.46224489795918366,-0.012938775510204076,0.201
1741,DRAW_STROKE_1,1,572,1,0.4626530612244898,-0.012693877551020404,0.201
1742,DRAW_STROKE_1,1,573,1,0.4630612244897959,-0.01244897959183673,0.201
1743,DRAW_STROKE_1,1,574,1,0.46346938775510205,-0.012204081632653057,0.201
1744,DRAW_STROKE_1,1,575,1,0.4638775510204082,-0.011959183673469383,0.201
1745,DRAW_STROKE_1,1,576,1,0.4642857142857143,-0.01171428571428571,0.201
1746,DRAW_STROKE_1,1,577,1,0.46469387755102043,-0.011469387755102036,0.201
1747,DRAW_STROKE_1,1,578,1,0.46510204081632656,-0.011224489795918361,0.201
1748,DRAW_STROKE_1,1,579,1,0.46551020408163263,-0.010979591836734689,0.201
1749,DRAW_STROKE_1,1,580,1,0.46591836734693876,-0.010734693877551015,0.201
1750,DRAW_STROKE_1,1,581,1,0.4663265306122449,-0.01048979591836734,0.201
1751,DRAW_STROKE_1,1,582,1,0.466734693877551,-0.010244897959183668,0.201
1752,DRAW_STROKE_1,1,583,1,0.46714285714285714,-0.009999999999999993,0.201
1753,DRAW_STROKE_1,1,584,1,0.466734693877551,-0.010272108843537409,0.201
1754,DRAW_STROKE_1,1,585,1,0.4663265306122449,-0.010544217687074824,0.201
1755,DRAW_STROKE_1,1,586,1,0.46591836734693876,-0.01081632653061224,0.201
1756,DRAW_STROKE_1,1,587,1,0.46551020408163263,-0.011088435374149655,0.201
1757,DRAW_STROKE_1,1,588,1,0.46510204081632656,-0.011360544217687068,0.201
1758,DRAW_STROKE_1,1,589,1,0.46469387755102043,-0.011632653061224484,0.201
1759,DRAW_STROKE_1,1,590,1,0.4642857142857143,-0.011904761904761899,0.201
1760,DRAW_STROKE_1,1,591,1,0.4638775510204082,-0.012176870748299314,0.201
1761,DRAW_STROKE_1,1,592,1,0.46346938775510205,-0.01244897959183673,0.201
1762,DRAW_STROKE_1,1,593,1,0.4630612244897959,-0.012721088435374145,0.201
1763,DRAW_STROKE_1,1,594,1,0.4626530612244898,-0.01299319727891156,0.201
1764,DRAW_STROKE_1,1,595,1,0.46224489795918366,-0.013265306122448976,0.201
1765,DRAW_STROKE_1,1,596,1,0.46183673469387754,-0.013537414965986391,0.201
1766,DRAW_STROKE_1,1,597,1,0.4614285714285714,-0.013809523809523805,0.201
1767,DRAW_STROKE_1,1,598,1,0.4610204081632653,-0.01408163265306122,0.201
1768,DRAW_STROKE_1,1,599,1,0.46061224489795916,-0.014353741496598635,0.201
1769,DRAW_STROKE_1,1,600,1,0.4602040816326531,-0.01462585034013605,0.201
1770,DRAW_STROKE_1,1,601,1,0.45979591836734696,-0.014897959183673466,0.201
1771,DRAW_STROKE_1,1,602,1,0.45938775510204083,-0.015170068027210881,0.201
1772,DRAW_STROKE_1,1,603,1,0.4589795918367347,-0.015442176870748297,0.201
1773,DRAW_STROKE_1,1,604,1,0.4585714285714286,-0.015714285714285712,0.201
1774,DRAW_STROKE_1,1,605,1,0.45865079365079364,-0.01619047619047619,0.201
1775,DRAW_STROKE_1,1,606,1,0.45873015873015877,-0.016666666666666663,0.201
1776,DRAW_STROKE_1,1,607,1,0.45880952380952383,-0.01714285714285714,0.201
1777,DRAW_STROKE_1,1,608,1,0.4588888888888889,-0.017619047619047618,0.201
1778,DRAW_STROKE_1,1,609,1,0.45896825396825397,-0.018095238095238095,0.201
1779,DRAW_STROKE_1,1,610,1,0.45904761904761904,-0.018571428571428572,0.201
1780,DRAW_STROKE_1,1,611,1,0.4591269841269841,-0.01904761904761905,0.201
1781,DRAW_STROKE_1,1,612,1,0.45920634920634923,-0.019523809523809523,0.201
1782,DRAW_STROKE_1,1,613,1,0.4592857142857143,-0.02,0.201
1783,DRAW_STROKE_1,1,614,1,0.45936507936507937,-0.020476190476190478,0.201
1784,DRAW_STROKE_1,1,615,1,0.4594444444444445,-0.02095238095238095,0.201
1785,DRAW_STROKE_1,1,616,1,0.45952380952380956,-0.02142857142857143,0.201
1786,DRAW_STROKE_1,1,617,1,0.4596031746031746,-0.021904761904761906,0.201
1787,DRAW_STROKE_1,1,618,1,0.4596825396825397,-0.022380952380952383,0.201
1788,DRAW_STROKE_1,1,619,1,0.45976190476190476,-0.02285714285714286,0.201
1789,DRAW_STROKE_1,1,620,1,0.45984126984126983,-0.023333333333333338,0.201
1790,DRAW_STROKE_1,1,621,1,0.45992063492063495,-0.02380952380952381,0.201
1791,DRAW_STROKE_1,1,622,1,0.46,-0.02428571428571429,0.201
1792,DRAW_STROKE_1,1,623,1,0.45976190476190476,-0.024682539682539684,0.201
1793,DRAW_STROKE_1,1,624,1,0.45952380952380956,-0.025079365079365083,0.201
1794,DRAW_STROKE_1,1,625,1,0.4592857142857143,-0.02547619047619048,0.201
1795,DRAW_STROKE_1,1,626,1,0.45904761904761904,-0.025873015873015874,0.201
1796,DRAW_STROKE_1,1,627,1,0.45880952380952383,-0.026269841269841273,0.201
1797,DRAW_STROKE_1,1,628,1,0.4585714285714286,-0.02666666666666667,0.201
1798,DRAW_STROKE_1,1,629,1,0.4583333333333333,-0.027063492063492064,0.201
1799,DRAW_STROKE_1,1,630,1,0.4580952380952381,-0.027460317460317463,0.201
1800,DRAW_STROKE_1,1,631,1,0.45785714285714285,-0.027857142857142858,0.201
1801,DRAW_STROKE_1,1,632,1,0.45761904761904765,-0.028253968253968254,0.201
1802,DRAW_STROKE_1,1,633,1,0.4573809523809524,-0.02865079365079365,0.201
1803,DRAW_STROKE_1,1,634,1,0.4571428571428572,-0.029047619047619044,0.201
1804,DRAW_STROKE_1,1,635,1,0.4569047619047619,-0.02944444444444444,0.201
1805,DRAW_STROKE_1,1,636,1,0.4566666666666667,-0.02984126984126984,0.201
1806,DRAW_STROKE_1,1,637,1,0.45642857142857146,-0.030238095238095234,0.201
1807,DRAW_STROKE_1,1,638,1,0.4561904761904762,-0.03063492063492063,0.201
1808,DRAW_STROKE_1,1,639,1,0.455952380952381,-0.03103174603174603,0.201
1809,DRAW_STROKE_1,1,640,1,0.45571428571428574,-0.031428571428571424,0.201
1810,DRAW_STROKE_1,1,641,1,0.45533333333333337,-0.031619047619047616,0.201
1811,DRAW_STROKE_1,1,642,1,0.45495238095238094,-0.0318095238095238,0.201
1812,DRAW_STROKE_1,1,643,1,0.45457142857142857,-0.031999999999999994,0.201
1813,DRAW_STROKE_1,1,644,1,0.4541904761904762,-0.032190476190476186,0.201
1814,DRAW_STROKE_1,1,645,1,0.45380952380952383,-0.03238095238095237,0.201
1815,DRAW_STROKE_1,1,646,1,0.45342857142857146,-0.032571428571428564,0.201
1816,DRAW_STROKE_1,1,647,1,0.4530476190476191,-0.032761904761904756,0.201
1817,DRAW_STROKE_1,1,648,1,0.45266666666666666,-0.03295238095238095,0.201
1818,DRAW_STROKE_1,1,649,1,0.4522857142857143,-0.03314285714285714,0.201
1819,DRAW_STROKE_1,1,650,1,0.4519047619047619,-0.03333333333333333,0.201
1820,DRAW_STROKE_1,1,651,1,0.45152380952380955,-0.03352380952380952,0.201
1821,DRAW_STROKE_1,1,652,1,0.4511428571428572,-0.03371428571428571,0.201
1822,DRAW_STROKE_1,1,653,1,0.4507619047619048,-0.0339047619047619,0.201
1823,DRAW_STROKE_1,1,654,1,0.4503809523809524,-0.03409523809523809,0.201
1824,DRAW_STROKE_1,1,655,1,0.45,-0.03428571428571428,0.201
1825,DRAW_STROKE_1,1,656,1,0.44961904761904764,-0.03409523809523809,0.201
1826,DRAW_STROKE_1,1,657,1,0.4492380952380952,-0.0339047619047619,0.201
1827,DRAW_STROKE_1,1,658,1,0.44885714285714284,-0.03371428571428571,0.201
1828,DRAW_STROKE_1,1,659,1,0.4484761904761905,-0.03352380952380952,0.201
1829,DRAW_STROKE_1,1,660,1,0.4480952380952381,-0.03333333333333333,0.201
1830,DRAW_STROKE_1,1,661,1,0.44771428571428573,-0.03314285714285714,0.201
1831,DRAW_STROKE_1,1,662,1,0.44733333333333336,-0.03295238095238095,0.201
1832,DRAW_STROKE_1,1,663,1,0.44695238095238093,-0.032761904761904756,0.201
1833,DRAW_STROKE_1,1,664,1,0.44657142857142856,-0.032571428571428564,0.201
1834,DRAW_STROKE_1,1,665,1,0.4461904761904762,-0.03238095238095237,0.201
1835,DRAW_STROKE_1,1,666,1,0.4458095238095238,-0.032190476190476186,0.201
1836,DRAW_STROKE_1,1,667,1,0.44542857142857145,-0.031999999999999994,0.201
1837,DRAW_STROKE_1,1,668,1,0.4450476190476191,-0.0318095238095238,0.201
1838,DRAW_STROKE_1,1,669,1,0.44466666666666665,-0.031619047619047616,0.201
1839,DRAW_STROKE_1,1,670,1,0.4442857142857143,-0.031428571428571424,0.201
1840,DRAW_STROKE_1,1,671,1,0.444047619047619,-0.03103174603174603,0.201
1841,DRAW_STROKE_1,1,672,1,0.4438095238095238,-0.03063492063492063,0.201
1842,DRAW_STROKE_1,1,673,1,0.44357142857142856,-0.030238095238095234,0.201
1843,DRAW_STROKE_1,1,674,1,0.4433333333333333,-0.02984126984126984,0.201
1844,DRAW_STROKE_1,1,675,1,0.4430952380952381,-0.02944444444444444,0.201
1845,DRAW_STROKE_1,1,676,1,0.44285714285714284,-0.029047619047619044,0.201
1846,DRAW_STROKE_1,1,677,1,0.44261904761904763,-0.02865079365079365,0.201
1847,DRAW_STROKE_1,1,678,1,0.4423809523809524,-0.028253968253968254,0.201
1848,DRAW_STROKE_1,1,679,1,0.44214285714285717,-0.027857142857142858,0.201
1849,DRAW_STROKE_1,1,680,1,0.4419047619047619,-0.027460317460317463,0.201
1850,DRAW_STROKE_1,1,681,1,0.4416666666666667,-0.027063492063492064,0.201
1851,DRAW_STROKE_1,1,682,1,0.44142857142857145,-0.02666666666666667,0.201
1852,DRAW_STROKE_1,1,683,1,0.4411904761904762,-0.026269841269841273,0.201
1853,DRAW_STROKE_1,1,684,1,0.440952380952381,-0.025873015873015874,0.201
1854,DRAW_STROKE_1,1,685,1,0.4407142857142857,-0.02547619047619048,0.201
1855,DRAW_STROKE_1,1,686,1,0.44047619047619047,-0.025079365079365083,0.201
1856,DRAW_STROKE_1,1,687,1,0.44023809523809526,-0.024682539682539684,0.201
1857,DRAW_STROKE_1,1,688,1,0.44,-0.02428571428571429,0.201
1858,DRAW_STROKE_1,1,689,1,0.44007936507936507,-0.02380952380952381,0.201
1859,DRAW_STROKE_1,1,690,1,0.4401587301587302,-0.023333333333333338,0.201
1860,DRAW_STROKE_1,1,691,1,0.44023809523809526,-0.02285714285714286,0.201
1861,DRAW_STROKE_1,1,692,1,0.44031746031746033,-0.022380952380952383,0.201
1862,DRAW_STROKE_1,1,693,1,0.4403968253968254,-0.021904761904761906,0.201
1863,DRAW_STROKE_1,1,694,1,0.44047619047619047,-0.02142857142857143,0.201
1864,DRAW_STROKE_1,1,695,1,0.44055555555555553,-0.02095238095238095,0.201
1865,DRAW_STROKE_1,1,696,1,0.44063492063492066,-0.020476190476190478,0.201
1866,DRAW_STROKE_1,1,697,1,0.4407142857142857,-0.02,0.201
1867,DRAW_STROKE_1,1,698,1,0.4407936507936508,-0.019523809523809523,0.201
1868,DRAW_STROKE_1,1,699,1,0.4408730158730159,-0.01904761904761905,0.201
1869,DRAW_STROKE_1,1,700,1,0.440952380952381,-0.018571428571428572,0.201
1870,DRAW_STROKE_1,1,701,1,0.44103174603174605,-0.018095238095238095,0.201
1871,DRAW_STROKE_1,1,702,1,0.4411111111111111,-0.017619047619047618,0.201
1872,DRAW_STROKE_1,1,703,1,0.4411904761904762,-0.01714285714285714,0.201
1873,DRAW_STROKE_1,1,704,1,0.44126984126984126,-0.016666666666666663,0.201
1874,DRAW_STROKE_1,1,705,1,0.4413492063492064,-0.01619047619047619,0.201
1875,DRAW_STROKE_1,1,706,1,0.44142857142857145,-0.015714285714285712,0.201
1876,LIFT_PEN_STROKE_1,1,0,0,0.44142857142857145,-0.015714285714285712,0.20247826086956522
1877,LIFT_PEN_STROKE_1,1,1,0,0.44142857142857145,-0.015714285714285712,0.20395652173913045
1878,LIFT_PEN_STROKE_1,1,2,0,0.44142857142857145,-0.015714285714285712,0.20543478260869566
1879,LIFT_PEN_STROKE_1,1,3,0,0.44142857142857145,-0.015714285714285712,0.20691304347826087
1880,LIFT_PEN_STROKE_1,1,4,0,0.44142857142857145,-0.015714285714285712,0.2083913043478261
1881,LIFT_PEN_STROKE_1,1,5,0,0.44142857142857145,-0.015714285714285712,0.2098695652173913
1882,LIFT_PEN_STROKE_1,1,6,0,0.44142857142857145,-0.015714285714285712,0.21134782608695651
1883,LIFT_PEN_STROKE_1,1,7,0,0.44142857142857145,-0.015714285714285712,0.21282608695652175
1884,LIFT_PEN_STROKE_1,1,8,0,0.44142857142857145,-0.015714285714285712,0.21430434782608695
1885,LIFT_PEN_STROKE_1,1,9,0,0.44142857142857145,-0.015714285714285712,0.21578260869565216
1886,LIFT_PEN_STROKE_1,1,10,0,0.44142857142857145,-0.015714285714285712,0.2172608695652174
1887,LIFT_PEN_STROKE_1,1,11,0,0.44142857142857145,-0.015714285714285712,0.2187391304347826
1888,LIFT_PEN_STROKE_1,1,12,0,0.44142857142857145,-0.015714285714285712,0.2202173913043478
1889,LIFT_PEN_STROKE_1,1,13,0,0.44142857142857145,-0.015714285714285712,0.22169565217391304
1890,LIFT_PEN_STROKE_1,1,14,0,0.44142857142857145,-0.015714285714285712,0.22317391304347825
1891,LIFT_PEN_STROKE_1,1,15,0,0.44142857142857145,-0.015714285714285712,0.22465217391304348
1892,LIFT_PEN_STROKE_1,1,16,0,0.44142857142857145,-0.015714285714285712,0.2261304347826087
1893,LIFT_PEN_STROKE_1,1,17,0,0.44142857142857145,-0.015714285714285712,0.2276086956521739
1894,LIFT_PEN_STROKE_1,1,18,0,0.44142857142857145,-0.015714285714285712,0.22908695652173913
1895,LIFT_PEN_STROKE_1,1,19,0,0.44142857142857145,-0.015714285714285712,0.23056521739130434
1896,LIFT_PEN_STROKE_1,1,20,0,0.44142857142857145,-0.015714285714285712,0.23204347826086955
1897,LIFT_PEN_STROKE_1,1,21,0,0.44142857142857145,-0.015714285714285712,0.23352173913043478
1898,LIFT_PEN_STROKE_1,1,22,0,0.44142857142857145,-0.015714285714285712,0.235
